nome,instagram
Kylian Mbappé,https://www.instagram.com/k.mbappe/
Neymar,https://www.instagram.com/neymarjr
Lionel Messi,https://www.instagram.com/leomessi
Mohamed Salah,https://www.instagram.com/mosalah/
Harry Kane,https://www.instagram.com/harrykane/
Antoine Griezmann,https://www.instagram.com/antogriezmann/
Kevin De Bruyne,https://www.instagram.com/kevindebruyne/
Philippe Coutinho,https://www.instagram.com/phil.coutinho/
Eden Hazard,https://www.instagram.com/hazardeden_10/
Paulo Dybala,https://www.instagram.com/paulodybala/
Dele Alli,https://www.instagram.com/dele/
Romelu Lukaku,https://www.instagram.com/romelulukaku
Cristiano Ronaldo,https://www.instagram.com/cristiano
Mauro Icardi,https://www.instagram.com/mauroicardi/
Marco Asensio,https://www.instagram.com/marcoasensio10/
Sergej Milinkovic-Savic,https://www.instagram.com/sergej___21/
Leroy Sané,https://www.instagram.com/leroysane19/
Saúl Níguez,https://www.instagram.com/saulniguez/
Raheem Sterling,https://www.instagram.com/sterling7/
Paul Pogba,https://www.instagram.com/paulpogba/
Isco,https://www.instagram.com/iscoalarcon/
Gareth Bale,https://www.instagram.com/garethbale11
Gabriel Jesus,https://www.instagram.com/dejesusoficial/
Ousmane Dembélé,https://www.instagram.com/o.dembele7/
N'Golo Kanté,https://www.instagram.com/nglkante/
Raphaël Varane,https://www.instagram.com/raphaelvarane/
Roberto Firmino,https://www.instagram.com/roberto_firmino/
Jan Oblak,https://www.instagram.com/oblakjan/
James Rodríguez,https://www.instagram.com/jamesrodriguez10/
Marc-André ter Stegen,https://www.instagram.com/mterstegen1
Christian Eriksen,https://www.instagram.com/chriseriksen8/
Sergio Busquets,
Robert Lewandowski,https://www.instagram.com/_rl9/
Toni Kroos,https://www.instagram.com/toni.kr8s/
Sergio Agüero,https://www.instagram.com/10aguerosergiokun/
Pierre-Emerick Aubameyang,https://www.instagram.com/aubameyang97/
Thomas Lemar,https://www.instagram.com/thom_lemar27/
Sadio Mané,https://www.instagram.com/sadiomaneofficiel/
Samuel Umtiti,https://www.instagram.com/samumtiti/
Marco Verratti,https://www.instagram.com/marco_verratti92/
Koke,https://www.instagram.com/koke6/
Jordi Alba,https://www.instagram.com/JordiAlbaOficial#
David de Gea,https://www.instagram.com/d_degeaofficial/
Marcelo,https://www.instagram.com/marcelotwelve/
Luis Suárez,https://www.instagram.com/luissuarez9/
Miralem Pjanic,https://www.instagram.com/miralem_pjanic/
Ivan Rakitic,https://www.instagram.com/ivanrakitic/
Casemiro,https://www.instagram.com/casemiro/
Naby Keïta,https://www.instagram.com/keitanabydeco/
Marcus Rashford,https://www.instagram.com/marcusrashford/
Nabil Fekir,https://www.instagram.com/nabilfekir/
Lorenzo Insigne,https://www.instagram.com/lorinsigneofficial/
Thibaut Courtois,https://www.instagram.com/thibautcourtois/
Alexandre Lacazette,https://www.instagram.com/lacazettealex/
Bernardo Silva,https://www.instagram.com/bernardocarvalhosilva/
Ederson,https://www.instagram.com/ederson93/
Anthony Martial,https://www.instagram.com/martial_9/
Riyad Mahrez,https://www.instagram.com/riyadmahrez26.7/
Timo Werner,https://www.instagram.com/timowerner/
Virgil van Dijk,https://www.instagram.com/virgilvandijk/
Daniel Carvajal,https://www.instagram.com/dani.carvajal.2/
Álvaro Morata,https://www.instagram.com/alvaromorata
Alisson,https://www.instagram.com/alissonbecker/
Jorginho,https://www.instagram.com/jorginhofrello/?hl=it
Kalidou Koulibaly,https://www.instagram.com/kkoulibaly26/
Thiago,https://www.instagram.com/thiago6/
Edinson Cavani,https://www.instagram.com/cavaniofficial21/
Diego Costa,https://www.instagram.com/diego.costa/
Kai Havertz,https://www.instagram.com/kaihavertz29/
John Stones,https://www.instagram.com/johnstonesofficial/
Marquinhos,https://www.instagram.com/marquinhosm5/
Joshua Kimmich,https://www.instagram.com/jok_32/
Sergi Roberto,https://www.instagram.com/sergiroberto/
Douglas Costa,https://www.instagram.com/douglascosta/
Alexis Sánchez,https://www.instagram.com/alexis_officia1/
Mats Hummels,https://www.instagram.com/aussenrist15/
Gonzalo Higuaín,https://www.instagram.com/ghiguain20_9
Arthur,https://www.instagram.com/arthurhmelo/
Federico Chiesa,https://www.instagram.com/fedexchiesa/
Matthijs de Ligt,https://www.instagram.com/mdeligt_/
Lucas Hernández,https://www.instagram.com/lucashernandez21/
José Giménez,https://www.instagram.com/josemariagimenez/
Kingsley Coman,https://www.instagram.com/king_coman/
Milan Skriniar,https://www.instagram.com/milanskriniar/
Kepa,https://www.instagram.com/kepaarrizabalaga/
Fred,https://www.instagram.com/fred08oficial/
Florian Thauvin,https://www.instagram.com/flotov/
Adrien Rabiot,https://www.instagram.com/adrienrabiot_25/
Aymeric Laporte,https://www.instagram.com/a.laporte/
Niklas Süle,https://www.instagram.com/nsuele25/
Rodrigo,https://www.instagram.com/rodrigom_91/
Ciro Immobile,https://www.instagram.com/ciroimmobile17/
Kyle Walker,https://www.instagram.com/kylewalker2/
Heung-min Son,https://www.instagram.com/hm_son7/
David Alaba,https://www.instagram.com/da_27/
Thomas Müller,https://www.instagram.com/esmuellert/
Willian,https://www.instagram.com/willianborges88/
Jadon Sancho,https://www.instagram.com/sanchooo10/
Leon Bailey,https://www.instagram.com/leonbailey_9/
Richarlison,https://www.instagram.com/richarlison/
Malcom,https://www.instagram.com/malcomoliveira_97/
Christian Pulisic,https://www.instagram.com/cmpulisic/
Fabinho,https://www.instagram.com/fabinho/
Federico Bernardeschi,https://www.instagram.com/fbernardeschi/
Corentin Tolisso,https://www.instagram.com/corentintolisso/
Julian Brandt,https://www.instagram.com/julianbrandt/
Harry Maguire,https://www.instagram.com/harrymaguire93/
Memphis Depay,https://www.instagram.com/memphisdepay/
Benjamin Mendy,https://www.instagram.com/benmendy23/
Marcos Alonso,https://www.instagram.com/marcosalonso28/
Alex Sandro,https://www.instagram.com/alxsndro12/
Aaron Ramsey,https://www.instagram.com/aaronramsey/
Ángel Di María,https://www.instagram.com/angeldimariajm/
Ivan Perisic,https://www.instagram.com/ivanperisic444/
Mesut Özil,https://www.instagram.com/M10_OFFICIAL/
Gerard Piqué,https://www.instagram.com/3gerardpique/
Rodri,
Benjamin Pavard,https://www.instagram.com/benpavard21/
Davinson Sánchez,https://www.instagram.com/daosanchez13/
Frenkie de Jong,https://www.instagram.com/frenkiedejong/
Lucas Torreira,https://www.instagram.com/ltorreira34/
Hirving Lozano,https://www.instagram.com/hirvinglozano/
Gianluigi Donnarumma,https://www.instagram.com/gigiodonna99/
Rúben Neves,https://www.instagram.com/rubendsneves/
Gonçalo Guedes,https://www.instagram.com/goncaloguedes15/
Alessio Romagnoli,https://www.instagram.com/alessio.romagnoli/
Andreas Christensen,https://www.instagram.com/andreaschristensen3/
Jonathan Tah,https://www.instagram.com/jonathantah_/
Héctor Bellerín,https://www.instagram.com/hectorbellerin/
Clément Lenglet,https://www.instagram.com/clement_lenglet/
João Cancelo,https://www.instagram.com/jpcancelo/
Piotr Zielinski,https://www.instagram.com/zielu_94
Michy Batshuayi,https://www.instagram.com/mbatshuayi/
Eric Dier,https://www.instagram.com/ericdier15/
Marcelo Brozovic,https://www.instagram.com/marcelo_brozovic/
Leon Goretzka,https://www.instagram.com/leon_goretzka
Alex Oxlade-Chamberlain,https://www.instagram.com/alexoxchamberlain/
Jesse Lingard,https://www.instagram.com/jesselingard/
Allan,https://www.instagram.com/allanmarques91/
Suso,https://www.instagram.com/suso/
Granit Xhaka,https://www.instagram.com/granitxhaka/
Stefan de Vrij,https://www.instagram.com/Stefandevrij/
Stefan Savic,https://www.instagram.com/savkee15/
Konstantinos Manolas,https://www.instagram.com/kostasmanolas44/
Antonio Rüdiger,https://www.instagram.com/toniruediger/
Nemanja Matic,https://www.instagram.com/nemanjamatic/
César Azpilicueta,https://www.instagram.com/cesarazpi/
Ilkay Gündogan,https://www.instagram.com/ilkayguendogan/
Georginio Wijnaldum,https://www.instagram.com/gwijnaldum/
Javi Martínez,https://www.instagram.com/javi8martinez
Toby Alderweireld,https://www.instagram.com/tobyalderweireld/
Radja Nainggolan,https://www.instagram.com/radja_nainggolan_l4/
Marco Reus,https://www.instagram.com/marcinho11/
Jérôme Boateng,https://www.instagram.com/jeromeboateng
Sergio Ramos,https://www.instagram.com/sergioramos/
Karim Benzema,https://www.instagram.com/karimbenzema/
Paulinho,https://www.instagram.com/paulinhop8/
Tanguy Ndombélé,https://www.instagram.com/ndombele_22/
Houssem Aouar,https://www.instagram.com/houssem_aouar/
Ryan Sessegnon,https://www.instagram.com/ryansess/
Vinícius Júnior,https://www.instagram.com/viniciusjunior/
Mikel Oyarzabal,https://www.instagram.com/mikel10oyar/
Trent Alexander-Arnold,https://www.instagram.com/trentarnold66/
Franck Kessié,https://www.instagram.com/franckkessie/
Wilfred Ndidi,https://www.instagram.com/ndidi25/
Andrew Robertson,https://www.instagram.com/andyrobertson94/
Thomas,https://www.instagram.com/thomaspartey5/
José Gayà,https://www.instagram.com/jose_gaya/
Tiemoué Bakayoko,https://www.instagram.com/bakayoko_official14/
Andrea Belotti,https://www.instagram.com/gallobelotti/
Felipe Anderson,https://www.instagram.com/f_andersoon/
Jordan Pickford,https://www.instagram.com/jpickford1/
Luis Alberto,https://www.instagram.com/10_luisalberto/
Kieran Trippier,https://www.instagram.com/ktrippier2/
Pablo Sarabia,https://www.instagram.com/pablosarabia92/
Nacho Fernández,https://www.instagram.com/nachofdez90/
Henrikh Mkhitaryan,https://www.instagram.com/micki_taryan/
Nicolás Otamendi,https://www.instagram.com/nicolasotamendi30/
Andrej Kramaric,https://www.instagram.com/andrejkramaric/
Leonardo Bonucci,https://www.instagram.com/bonuccileo19/
Manuel Akanji,https://www.instagram.com/obafemi_36/
Iñigo Martínez,https://www.instagram.com/inigomartinez/
Lucas Moura,https://www.instagram.com/lucasmoura7/
Jan Vertonghen,https://www.instagram.com/jvertonghen/
Maximiliano Gómez,https://www.instagram.com/maxi_gomez9/
Carlos Soler,https://www.instagram.com/carlos10soler/
Giovani Lo Celso,https://www.instagram.com/locelsogiovani/
Dayot Upamecano,https://www.instagram.com/upamecano_5/
Yerry Mina,https://www.instagram.com/yerrymina/
Eric Bailly,https://www.instagram.com/ericbailly24/
Presnel Kimpembe,https://www.instagram.com/kimpembe3/
Álvaro Odriozola,https://www.instagram.com/alvaroodriozola/
Ángel Correa,https://www.instagram.com/angelcorrea32/
Aleksandr Golovin,https://www.instagram.com/alex_golovin17/
Gelson Martins,https://www.instagram.com/gelsondany77/
Nicolò Barella,https://www.instagram.com/nicolo_barella/
Iñaki Williams,https://www.instagram.com/williaaaams11/
Keita Baldé,https://www.instagram.com/keitabaldeofficial/
Nélson Semedo,https://www.instagram.com/nelsonsemedo50/
Thilo Kehrer,https://www.instagram.com/thilokehrer/
Hakim Ziyech,https://www.instagram.com/hziyech/
André Silva,https://www.instagram.com/andresilva9/
Ante Rebic,https://www.instagram.com/anterebic/
Jean Michaël Seri,https://www.instagram.com/mika_seri6/
Serge Gnabry,https://www.instagram.com/sergegnabry#
Wissam Ben Yedder,https://www.instagram.com/wissbenyedder/
Wilfried Zaha,https://www.instagram.com/wilfriedzaha/
Alessandro Florenzi,https://www.instagram.com/florenzipertelethon/
Geoffrey Kondogbia,https://www.instagram.com/geoffreykondogbia/
Paco Alcácer,https://www.instagram.com/paco93alcacer/
Willian José,https://www.instagram.com/willianjose/
Emre Can,https://www.instagram.com/ec2323/
Ander Herrera,https://www.instagram.com/anderherrera/
Gylfi Sigurdsson,https://www.instagram.com/gylfisig23/
Julian Draxler,https://www.instagram.com/draxlerofficial/
Victor Wanyama,https://www.instagram.com/victorwanyama/
Steven Nzonzi,https://www.instagram.com/iamnzonzi15/
Dries Mertens,https://www.instagram.com/driesmertens
Diego Godín,https://www.instagram.com/diegogodin/
Mateo Kovacic,https://www.instagram.com/mateokovacic8/
Danny Rose,
Juan Mata,https://www.instagram.com/juanmatagarcia
Marek Hamsik,https://www.instagram.com/marek_hamsik_17_official/
David Silva,https://www.instagram.com/david21lva/
Axel Witsel,https://www.instagram.com/axelwitsel28
Blaise Matuidi,https://www.instagram.com/blaisematuidiofficiel/
Hugo Lloris,https://www.instagram.com/iamhugolloris/
Manuel Neuer,https://www.instagram.com/manuelneuer/
James Maddison,https://www.instagram.com/madders/
Lorenzo Pellegrini,https://www.instagram.com/lorepelle7/
Rúben Dias,https://www.instagram.com/rubendias/
Joe Gomez,https://www.instagram.com/joegomez5/
Rony Lopes,https://www.instagram.com/ronylopes10/
Alassane Plea,https://www.instagram.com/alasplea/
Rafinha,https://www.instagram.com/rafinhaaa93/
Juan Cuadrado,https://www.instagram.com/cuadrado/
Oscar,https://www.instagram.com/oscar_emboaba/
Kevin Strootman,https://www.instagram.com/kevinstrootman/
Jordan Henderson,https://www.instagram.com/jhenderson/
Cengiz Ünder,https://www.instagram.com/cengizunder
Hakan Calhanoglu,https://www.instagram.com/hakancalhanoglu
Bruno Fernandes,https://www.instagram.com/brunofernandes.10/
Yacine Brahimi,https://www.instagram.com/brahimiofficiel/
David Neres,https://www.instagram.com/davidneres/
Paulinho,https://www.instagram.com/paulinhoph7/
Santiago Ascacíbar,https://www.instagram.com/santiascacibar97/
Nikola Milenkovic,https://www.instagram.com/milenkovicn_4/
Lautaro Martínez,https://www.instagram.com/lautaromartinezz10/
Amine Harit,https://www.instagram.com/a.harit14/
Pablo Fornals,https://www.instagram.com/pablofornals/
André Zambo Anguissa,https://www.instagram.com/anguiss_29/
Lucas Tousart,https://www.instagram.com/lucas_tousart/
Fabián Ruiz,https://www.instagram.com/fabianruiz52/
Nicolas Pépé,https://www.instagram.com/nicolas.pepe19/
Moussa Marega,https://www.instagram.com/marega11/
Giovanni Simeone,https://www.instagram.com/simeonegiovanni/
Jean-Kévin Augustin,https://www.instagram.com/augustin_29/
Jefferson Lerma,https://www.instagram.com/jeffersonlerma/
Talisca,https://www.instagram.com/andersontalisca/
Alex Telles,https://www.instagram.com/alextelles13
Abdou Diallo,
Wendell,https://www.instagram.com/wendellborges18/
Lucas Vázquez,https://www.instagram.com/lucasvazquez91/
Elseid Hysaj,https://www.instagram.com/elsihysaj/
Bryan Cristante,https://www.instagram.com/bryancristante/
Mattia Caldara,https://www.instagram.com/mattiacaldara/
Julian Weigl,https://www.instagram.com/juweigl/
Alejandro Grimaldo,https://www.instagram.com/grimaldo35/
Ben Davies,https://www.instagram.com/bendavies33/
Stanislav Lobotka,https://www.instagram.com/stanleylobotka37/
Victor Lindelöf,https://www.instagram.com/victorlindelof/
Jean-Philippe Gbamin,https://www.instagram.com/jpgbamin25/
Nathan Aké,https://www.instagram.com/nathanake/
Matteo Politano,https://www.instagram.com/matteo_poli7/
Matías Vecino,https://www.instagram.com/vecino/
Ross Barkley,https://www.instagram.com/rossbarkley/
Simone Verdi,https://www.instagram.com/simoneverdi/
Dennis Praet,https://www.instagram.com/dennispraet/?hl=it
Faouzi Ghoulam,https://www.instagram.com/ghoulam.faouzi/
Matthias Ginter,https://www.instagram.com/matzeginter28/
Emil Forsberg,https://www.instagram.com/eforsberg10/
Marcel Sabitzer,https://www.instagram.com/marcel7sabitzer/
Thorgan Hazard,https://www.instagram.com/thorgan10/
Thomas Meunier,https://www.instagram.com/thomas12meunier/
Shkodran Mustafi,https://www.instagram.com/shkodranmustafi/
Sime Vrsaljko,https://www.instagram.com/simevrsaljko2/
Iago Aspas,https://www.instagram.com/i.aspas10/
Vitolo,https://www.instagram.com/vitolomperez20/
Pedro,https://www.instagram.com/_pedro17_/
Asier Illarramendi,https://www.instagram.com/illarra4/
Aleksandar Mitrovic,https://www.instagram.com/aleksandar_mitrovic_45/
David Luiz,https://www.instagram.com/davidluiz_4/
Marko Arnautovic,https://www.instagram.com/m.arnautovic7/
Arturo Vidal,https://www.instagram.com/kingarturo23oficial/
Sami Khedira,https://www.instagram.com/sami_khedira6/
Edin Dzeko,https://www.instagram.com/ed_dzeko/
Luka Modric,https://www.instagram.com/lukamodric10/
Cesc Fàbregas,https://www.instagram.com/cescf4bregas/
Danilo Pereira,https://www.instagram.com/iamdanilopereira/
José Callejón,https://www.instagram.com/jcallejon21
