nome,transfermarkt,instagram,facebook,twitter,wiki
Kylian Mbappé,https://www.transfermarkt.it/kylian-mbappe/profil/spieler/342229,https://www.instagram.com/k.mbappe/,https://www.facebook.com/kylianmbappeofficiel/,https://twitter.com/KMbappe,https://en.wikipedia.org/wiki/Kylian_Mbappé
Neymar,https://www.transfermarkt.it/neymar/profil/spieler/68290,https://www.instagram.com/neymarjr,https://www.facebook.com/neymarjr,https://twitter.com/neymarjr,https://en.wikipedia.org/wiki/Neymar
Lionel Messi,https://www.transfermarkt.it/lionel-messi/profil/spieler/28003,https://www.instagram.com/leomessi,https://www.facebook.com/LeoMessi,,https://en.wikipedia.org/wiki/Lionel_Messi
Mohamed Salah,https://www.transfermarkt.it/mohamed-salah/profil/spieler/148455,https://www.instagram.com/mosalah/,https://www.facebook.com/momosalah,https://twitter.com/MoSalah,https://en.wikipedia.org/wiki/Mohamed_Salah
Harry Kane,https://www.transfermarkt.it/harry-kane/profil/spieler/132098,https://www.instagram.com/harrykane/,https://www.facebook.com/harrykaneofficial,https://twitter.com/HKane,https://en.wikipedia.org/wiki/Harry_Kane
Antoine Griezmann,https://www.transfermarkt.it/antoine-griezmann/profil/spieler/125781,https://www.instagram.com/antogriezmann/,https://www.facebook.com/antoine.griezmann/,https://twitter.com/AntoGriezmann,https://en.wikipedia.org/wiki/Antoine_Griezmann
Kevin De Bruyne,https://www.transfermarkt.it/kevin-de-bruyne/profil/spieler/88755,https://www.instagram.com/kevindebruyne/,https://www.facebook.com/DeBruyneOfficial,https://twitter.com/DeBruyneKev,https://en.wikipedia.org/wiki/Kevin_De_Bruyne
Philippe Coutinho,https://www.transfermarkt.it/philippe-coutinho/profil/spieler/80444,https://www.instagram.com/phil.coutinho/,https://www.facebook.com/philippe.coutinho/,https://twitter.com/Phil_Coutinho,https://en.wikipedia.org/wiki/Philippe_Coutinho
Eden Hazard,https://www.transfermarkt.it/eden-hazard/profil/spieler/50202,https://www.instagram.com/hazardeden_10/,https://www.facebook.com/edenhazard/,https://twitter.com/hazardeden10,https://en.wikipedia.org/wiki/Eden_Hazard
Paulo Dybala,https://www.transfermarkt.it/paulo-dybala/profil/spieler/206050,https://www.instagram.com/paulodybala/,https://www.facebook.com/paulodybala/,https://twitter.com/paudybala_jr,https://en.wikipedia.org/wiki/Paulo_Dybala
Dele Alli,https://www.transfermarkt.it/dele-alli/profil/spieler/207929,https://www.instagram.com/dele/,https://www.facebook.com/DeleOfficial/,https://twitter.com/dele_official,https://en.wikipedia.org/wiki/Dele_Alli
Romelu Lukaku,https://www.transfermarkt.it/romelu-lukaku/profil/spieler/96341,https://www.instagram.com/romelulukaku,https://facebook.com/Romelulukaku/,https://twitter.com/RomeluLukaku9,https://en.wikipedia.org/wiki/Romelu_Lukaku
Cristiano Ronaldo,https://www.transfermarkt.it/cristiano-ronaldo/profil/spieler/8198,https://www.instagram.com/cristiano,https://www.facebook.com/Cristiano,https://twitter.com/Cristiano,https://en.wikipedia.org/wiki/Cristiano_Ronaldo
Mauro Icardi,https://www.transfermarkt.it/mauro-icardi/profil/spieler/68863,https://www.instagram.com/mauroicardi/,https://www.facebook.com/MauroIcardiOficial/,https://twitter.com/MauroIcardi,https://en.wikipedia.org/wiki/Mauro_Icardi
Marco Asensio,https://www.transfermarkt.it/marco-asensio/profil/spieler/296622,https://www.instagram.com/marcoasensio10/,https://www.facebook.com/marcoasensio10/,https://twitter.com/marcoasensio10,https://en.wikipedia.org/wiki/Marco_Asensio
Sergej Milinkovic-Savic,https://www.transfermarkt.it/sergej-milinkovic-savic/profil/spieler/266302,https://www.instagram.com/sergej___21/,,,https://en.wikipedia.org/wiki/Sergej_Milinkovic-Savic
Leroy Sané,https://www.transfermarkt.it/leroy-sane/profil/spieler/192565,https://www.instagram.com/leroysane19/,https://www.facebook.com/leroysane/,https://twitter.com/LeroySane19,https://en.wikipedia.org/wiki/Leroy_Sané
Saúl Níguez,https://www.transfermarkt.it/saul-niguez/profil/spieler/148928,https://www.instagram.com/saulniguez/,https://www.facebook.com/saulniguez/,https://twitter.com/saulniguez,https://en.wikipedia.org/wiki/Saúl_Ñíguez
Raheem Sterling,https://www.transfermarkt.it/raheem-sterling/profil/spieler/134425,https://www.instagram.com/sterling7/,https://www.facebook.com/sterling7official,https://twitter.com/sterling7,https://en.wikipedia.org/wiki/Raheem_Sterling
Paul Pogba,https://www.transfermarkt.it/paul-pogba/profil/spieler/122153,https://www.instagram.com/paulpogba/,https://www.facebook.com/PaulPogba,https://twitter.com/paulpogba,https://en.wikipedia.org/wiki/Paul_Pogba
Isco,https://www.transfermarkt.it/isco/profil/spieler/85288,https://www.instagram.com/iscoalarcon/,https://www.facebook.com/iscoalarcon/,https://twitter.com/isco_alarcon,https://en.wikipedia.org/wiki/Isco
Gareth Bale,https://www.transfermarkt.it/gareth-bale/profil/spieler/39381,https://www.instagram.com/garethbale11,https://www.facebook.com/Bale,https://twitter.com/GarethBale11,https://en.wikipedia.org/wiki/Gareth_Bale
Gabriel Jesus,https://www.transfermarkt.it/gabriel-jesus/profil/spieler/363205,https://www.instagram.com/dejesusoficial/,https://www.facebook.com/gabrieljesus/,https://twitter.com/gabrieljesus33,https://en.wikipedia.org/wiki/Gabriel_Jesus
Ousmane Dembélé,https://www.transfermarkt.it/ousmane-dembele/profil/spieler/288230,https://www.instagram.com/o.dembele7/,,https://twitter.com/Dembouz,https://en.wikipedia.org/wiki/Ousmane_Dembélé
N'Golo Kanté,https://www.transfermarkt.it/ngolo-kante/profil/spieler/225083,https://www.instagram.com/nglkante/,https://www.facebook.com/nglkante,https://twitter.com/nglkante,https://en.wikipedia.org/wiki/N%27Golo_Kanté
Raphaël Varane,https://www.transfermarkt.it/raphael-varane/profil/spieler/164770,https://www.instagram.com/raphaelvarane/,https://www.facebook.com/raphaelvarane/,https://twitter.com/raphaelvarane,https://en.wikipedia.org/wiki/Raphaël_Varane
Roberto Firmino,https://www.transfermarkt.it/roberto-firmino/profil/spieler/131789,https://www.instagram.com/roberto_firmino/,https://www.facebook.com/robertofirmino,,https://en.wikipedia.org/wiki/Roberto_Firmino
Jan Oblak,https://www.transfermarkt.it/jan-oblak/profil/spieler/121483,https://www.instagram.com/oblakjan/,,,https://en.wikipedia.org/wiki/Jan_Oblak
James Rodríguez,https://www.transfermarkt.it/james-rodriguez/profil/spieler/88103,https://www.instagram.com/jamesrodriguez10/,https://www.facebook.com/10Jamesrodriguez/,https://twitter.com/jamesdrodriguez,https://en.wikipedia.org/wiki/James_Rodríguez
Marc-André ter Stegen,https://www.transfermarkt.it/marc-andre-ter-stegen/profil/spieler/74857,https://www.instagram.com/mterstegen1,https://www.facebook.com/mterstegen1,https://twitter.com/mterstegen1,https://en.wikipedia.org/wiki/Marc-André_ter_Stegen
Christian Eriksen,https://www.transfermarkt.it/christian-eriksen/profil/spieler/69633,https://www.instagram.com/chriseriksen8/,,https://twitter.com/ChrisEriksen8,https://en.wikipedia.org/wiki/Christian_Eriksen
Sergio Busquets,https://www.transfermarkt.it/sergio-busquets/profil/spieler/65230,,https://www.facebook.com/sbusquets16/,,https://en.wikipedia.org/wiki/Sergio_Busquets
Robert Lewandowski,https://www.transfermarkt.it/robert-lewandowski/profil/spieler/38253,https://www.instagram.com/_rl9/,https://www.facebook.com/rl9official,https://twitter.com/lewy_official,https://en.wikipedia.org/wiki/Robert_Lewandowski
Toni Kroos,https://www.transfermarkt.it/toni-kroos/profil/spieler/31909,https://www.instagram.com/toni.kr8s/,https://www.facebook.com/ToniKroos,https://twitter.com/ToniKroos,https://en.wikipedia.org/wiki/Toni_Kroos
Sergio Agüero,https://www.transfermarkt.it/sergio-aguero/profil/spieler/26399,https://www.instagram.com/10aguerosergiokun/,https://www.facebook.com/sergioelkunaguero/,https://twitter.com/aguerosergiokun,https://en.wikipedia.org/wiki/Sergio_Agüero
Pierre-Emerick Aubameyang,https://www.transfermarkt.it/pierre-emerick-aubameyang/profil/spieler/58864,https://www.instagram.com/aubameyang97/,https://www.facebook.com/aubameyang97/,https://twitter.com/Aubameyang7,https://en.wikipedia.org/wiki/Pierre-Emerick_Aubameyang
Thomas Lemar,https://www.transfermarkt.it/thomas-lemar/profil/spieler/205562,https://www.instagram.com/thom_lemar27/,,,https://en.wikipedia.org/wiki/Thomas_Lemar
Sadio Mané,https://www.transfermarkt.it/sadio-mane/profil/spieler/200512,https://www.instagram.com/sadiomaneofficiel/,https://www.facebook.com/SadioManeLFC10/,,https://en.wikipedia.org/wiki/Sadio_Mané
Samuel Umtiti,https://www.transfermarkt.it/samuel-umtiti/profil/spieler/126540,https://www.instagram.com/samumtiti/,https://www.facebook.com/SamuelUmtiti/,https://twitter.com/samumtiti,https://en.wikipedia.org/wiki/Samuel_Umtiti
Marco Verratti,https://www.transfermarkt.it/marco-verratti/profil/spieler/102558,https://www.instagram.com/marco_verratti92/,https://www.facebook.com/Marco-Verratti-179561818761415,,https://en.wikipedia.org/wiki/Marco_Verratti
Koke,https://www.transfermarkt.it/koke/profil/spieler/74229,https://www.instagram.com/koke6/,https://www.facebook.com/JorgeResurreccionKoke/,https://twitter.com/Koke6,"https://en.wikipedia.org/wiki/Koke_(footballer,_born_1992)"
Jordi Alba,https://www.transfermarkt.it/jordi-alba/profil/spieler/69751,https://www.instagram.com/JordiAlbaOficial#,https://www.facebook.com/jordialbaofficial,https://twitter.com/JordiAlba,https://en.wikipedia.org/wiki/Jordi_Alba
David de Gea,https://www.transfermarkt.it/david-de-gea/profil/spieler/59377,https://www.instagram.com/d_degeaofficial/,https://www.facebook.com/DavidDeGeaOficial/,https://twitter.com/D_DeGea,https://en.wikipedia.org/wiki/David_de_Gea
Marcelo,https://www.transfermarkt.it/marcelo/profil/spieler/44501,https://www.instagram.com/marcelotwelve/,https://www.facebook.com/marcelom12,https://twitter.com/MarceloSarvas,"https://en.wikipedia.org/wiki/Marcelo_(footballer,_born_1988)"
Luis Suárez,https://www.transfermarkt.it/luis-suarez/profil/spieler/44352,https://www.instagram.com/luissuarez9/,https://www.facebook.com/LuisSuarez9/,https://twitter.com/LuisSuarez9,https://en.wikipedia.org/wiki/Luis_Suárez
Miralem Pjanic,https://www.transfermarkt.it/miralem-pjanic/profil/spieler/44162,https://www.instagram.com/miralem_pjanic/,https://www.facebook.com/miralempjanicofficial/,https://twitter.com/Miralem_Pjanic,https://en.wikipedia.org/wiki/Miralem_Pjanic
Ivan Rakitic,https://www.transfermarkt.it/ivan-rakitic/profil/spieler/32467,https://www.instagram.com/ivanrakitic/,https://www.facebook.com/rakitic.ivan.official/,https://twitter.com/ivanrakitic,https://en.wikipedia.org/wiki/Ivan_Rakitic
Casemiro,https://www.transfermarkt.it/casemiro/profil/spieler/16306,https://www.instagram.com/casemiro/,https://www.facebook.com/Casemiro92,https://twitter.com/Casemiro,https://en.wikipedia.org/wiki/Casemiro
Naby Keïta,https://www.transfermarkt.it/naby-keita/profil/spieler/302215,https://www.instagram.com/keitanabydeco/,https://www.facebook.com/NabyKeitaNK8/,,https://en.wikipedia.org/wiki/Naby_Keïta
Marcus Rashford,https://www.transfermarkt.it/marcus-rashford/profil/spieler/258923,https://www.instagram.com/marcusrashford/,https://www.facebook.com/MarcusRashford/,https://twitter.com/MarcusRashford,https://en.wikipedia.org/wiki/Marcus_Rashford
Nabil Fekir,https://www.transfermarkt.it/nabil-fekir/profil/spieler/203496,https://www.instagram.com/nabilfekir/,https://www.facebook.com/NabilFekirOfficiel,https://twitter.com/NabilFekir,https://en.wikipedia.org/wiki/Nabil_Fekir
Lorenzo Insigne,https://www.transfermarkt.it/lorenzo-insigne/profil/spieler/133964,https://www.instagram.com/lorinsigneofficial/,https://www.facebook.com/LorInsigneOfficial/,https://twitter.com/Lor_Insigne,https://en.wikipedia.org/wiki/Lorenzo_Insigne
Thibaut Courtois,https://www.transfermarkt.it/thibaut-courtois/profil/spieler/108390,https://www.instagram.com/thibautcourtois/,https://www.facebook.com/CourtoisOfficial,https://twitter.com/thibautcourtois,https://en.wikipedia.org/wiki/Thibaut_Courtois
Alexandre Lacazette,https://www.transfermarkt.it/alexandre-lacazette/profil/spieler/93720,https://www.instagram.com/lacazettealex/,https://www.facebook.com/AlexandreLacazetteOfficiel/,https://twitter.com/LacazetteAlex,https://en.wikipedia.org/wiki/Alexandre_Lacazette
Bernardo Silva,https://www.transfermarkt.it/bernardo-silva/profil/spieler/241641,https://www.instagram.com/bernardocarvalhosilva/,https://www.facebook.com/BernardoSilvaOficial/,https://twitter.com/BernardoCSilva,https://en.wikipedia.org/wiki/Bernardo_Silva
Ederson,https://www.transfermarkt.it/ederson/profil/spieler/238223,https://www.instagram.com/ederson93/,https://www.facebook.com/Ederson93/,https://twitter.com/ederson,https://en.wikipedia.org/wiki/Ederson_Moraes
Anthony Martial,https://www.transfermarkt.it/anthony-martial/profil/spieler/182877,https://www.instagram.com/martial_9/,https://www.facebook.com/AnthonyMartialAM9,https://twitter.com/AnthonyMartial,https://en.wikipedia.org/wiki/Anthony_Martial
Riyad Mahrez,https://www.transfermarkt.it/riyad-mahrez/profil/spieler/171424,https://www.instagram.com/riyadmahrez26.7/,https://www.facebook.com/Riyad.Mahrez.RM26.7/,https://twitter.com/Mahrez22,https://en.wikipedia.org/wiki/Riyad_Mahrez
Timo Werner,https://www.transfermarkt.it/timo-werner/profil/spieler/170527,https://www.instagram.com/timowerner/,https://www.facebook.com/TimoWerner,,https://en.wikipedia.org/wiki/Timo_Werner
Virgil van Dijk,https://www.transfermarkt.it/virgil-van-dijk/profil/spieler/139208,https://www.instagram.com/virgilvandijk/,,https://twitter.com/VirgilvDijk,https://en.wikipedia.org/wiki/Virgil_van_Dijk
Daniel Carvajal,https://www.transfermarkt.it/daniel-carvajal/profil/spieler/138927,https://www.instagram.com/dani.carvajal.2/,https://www.facebook.com/danicarvajaloficial,https://twitter.com/DaniCarvajal92,https://en.wikipedia.org/wiki/Dani_Carvajal
Álvaro Morata,https://www.transfermarkt.it/alvaro-morata/profil/spieler/128223,https://www.instagram.com/alvaromorata,https://www.facebook.com/alvaromorata,https://twitter.com/AlvaroMorata,https://en.wikipedia.org/wiki/Álvaro_Morata
Alisson,https://www.transfermarkt.it/alisson/profil/spieler/105470,https://www.instagram.com/alissonbecker/,https://www.facebook.com/AlissonBeckerOficial/,https://twitter.com/Alissonbecker,"https://en.wikipedia.org/wiki/Alisson_(footballer,_born_1992)"
Jorginho,https://www.transfermarkt.it/jorginho/profil/spieler/102017,https://www.instagram.com/jorginhofrello/?hl=it,,,"https://en.wikipedia.org/wiki/Jorginho_(footballer,_born_1991)"
Kalidou Koulibaly,https://www.transfermarkt.it/kalidou-koulibaly/profil/spieler/93128,https://www.instagram.com/kkoulibaly26/,https://www.facebook.com/kalidoukoulibalyofficiel/,https://twitter.com/kkoulibaly26,https://en.wikipedia.org/wiki/Kalidou_Koulibaly
Thiago,https://www.transfermarkt.it/thiago/profil/spieler/60444,https://www.instagram.com/thiago6/,https://www.facebook.com/thiago6alcantara,https://twitter.com/ThiagoSilva_MMA,https://en.wikipedia.org/wiki/Thiago_Alcântara
Edinson Cavani,https://www.transfermarkt.it/edinson-cavani/profil/spieler/48280,https://www.instagram.com/cavaniofficial21/,https://www.facebook.com/EdiCavaniOfficial,https://twitter.com/ECavaniOfficial,https://en.wikipedia.org/wiki/Edinson_Cavani
Diego Costa,https://www.transfermarkt.it/diego-costa/profil/spieler/44779,https://www.instagram.com/diego.costa/,https://www.facebook.com/diegocostaofficial,https://twitter.com/diegocosta,https://en.wikipedia.org/wiki/Diego_Costa
Kai Havertz,https://www.transfermarkt.it/kai-havertz/profil/spieler/309400,https://www.instagram.com/kaihavertz29/,https://www.facebook.com/kaihavertz29/,,https://en.wikipedia.org/wiki/Kai_Havertz
John Stones,https://www.transfermarkt.it/john-stones/profil/spieler/186590,https://www.instagram.com/johnstonesofficial/,,https://twitter.com/akadrjohn,https://en.wikipedia.org/wiki/John_Stones
Marquinhos,https://www.transfermarkt.it/marquinhos/profil/spieler/181767,https://www.instagram.com/marquinhosm5/,https://www.facebook.com/m5marquinhos,https://twitter.com/marquinhos_m5,https://en.wikipedia.org/wiki/Marquinhos
Joshua Kimmich,https://www.transfermarkt.it/joshua-kimmich/profil/spieler/161056,https://www.instagram.com/jok_32/,https://www.facebook.com/jo.kimmich,,https://en.wikipedia.org/wiki/Joshua_Kimmich
Sergi Roberto,https://www.transfermarkt.it/sergi-roberto/profil/spieler/85370,https://www.instagram.com/sergiroberto/,,https://twitter.com/SergiRoberto10,https://en.wikipedia.org/wiki/Sergi_Roberto
Douglas Costa,https://www.transfermarkt.it/douglas-costa/profil/spieler/75615,https://www.instagram.com/douglascosta/,https://www.facebook.com/Douglascosta20,https://twitter.com/douglascosta,https://en.wikipedia.org/wiki/Douglas_Costa
Alexis Sánchez,https://www.transfermarkt.it/alexis-sanchez/profil/spieler/40433,https://www.instagram.com/alexis_officia1/,https://www.facebook.com/alexissanchez7,https://twitter.com/Alexis_Sanchez,https://en.wikipedia.org/wiki/Alexis_Sánchez
Mats Hummels,https://www.transfermarkt.it/mats-hummels/profil/spieler/39728,https://www.instagram.com/aussenrist15/,https://www.facebook.com/Mats.Hummels,https://twitter.com/matshummels,https://en.wikipedia.org/wiki/Mats_Hummels
Gonzalo Higuaín,https://www.transfermarkt.it/gonzalo-higuain/profil/spieler/39153,https://www.instagram.com/ghiguain20_9,https://www.facebook.com/gonzalohiguainoficial9/,https://twitter.com/G_Higuain,https://en.wikipedia.org/wiki/Gonzalo_Higuaín
Arthur,https://www.transfermarkt.it/arthur/profil/spieler/362842,https://www.instagram.com/arthurhmelo/,https://www.facebook.com/ArthurMeloOficial/,https://twitter.com/kingarthurmovie,https://en.wikipedia.org/wiki/Arthur_Melo
Federico Chiesa,https://www.transfermarkt.it/federico-chiesa/profil/spieler/341092,https://www.instagram.com/fedexchiesa/,https://www.facebook.com/FedericoChiesaOfficial/,https://twitter.com/federicochiesa,https://en.wikipedia.org/wiki/Federico_Chiesa
Matthijs de Ligt,https://www.transfermarkt.it/matthijs-de-ligt/profil/spieler/326031,https://www.instagram.com/mdeligt_/,,,https://en.wikipedia.org/wiki/Matthijs_de_Ligt
Lucas Hernández,https://www.transfermarkt.it/lucas-hernandez/profil/spieler/281963,https://www.instagram.com/lucashernandez21/,,https://twitter.com/LucasHernandez,https://en.wikipedia.org/wiki/Lucas_Hernández
José Giménez,https://www.transfermarkt.it/jose-gimenez/profil/spieler/250845,https://www.instagram.com/josemariagimenez/,https://www.facebook.com/JoseMariaGimenezOficial,https://twitter.com/salorondon23,https://en.wikipedia.org/wiki/José_Giménez
Kingsley Coman,https://www.transfermarkt.it/kingsley-coman/profil/spieler/243714,https://www.instagram.com/king_coman/,https://www.facebook.com/kingcoman11,,https://en.wikipedia.org/wiki/Kingsley_Coman
Milan Skriniar,https://www.transfermarkt.it/milan-skriniar/profil/spieler/204069,https://www.instagram.com/milanskriniar/,https://www.facebook.com/MilanSkriniarOficial/,https://twitter.com/ComuneMI,https://en.wikipedia.org/wiki/Milan_Škriniar
Kepa,https://www.transfermarkt.it/kepa/profil/spieler/192279,https://www.instagram.com/kepaarrizabalaga/,https://www.facebook.com/KepaArrizabalagaOficial/,https://twitter.com/kepa_46,https://en.wikipedia.org/wiki/Kepa_Arrizabalaga
Fred,https://www.transfermarkt.it/fred/profil/spieler/191614,https://www.instagram.com/fred08oficial/,https://www.facebook.com/fred08oficial/,https://twitter.com/FredFigglehorn,"https://en.wikipedia.org/wiki/Fred_(footballer,_born_1993)"
Florian Thauvin,https://www.transfermarkt.it/florian-thauvin/profil/spieler/184892,https://www.instagram.com/flotov/,https://www.facebook.com/FlorianThauvin/,https://twitter.com/FlorianThauvin,https://en.wikipedia.org/wiki/Florian_Thauvin
Adrien Rabiot,https://www.transfermarkt.it/adrien-rabiot/profil/spieler/182913,https://www.instagram.com/adrienrabiot_25/,,https://twitter.com/Adriien_Rabiiot,https://en.wikipedia.org/wiki/Adrien_Rabiot
Aymeric Laporte,https://www.transfermarkt.it/aymeric-laporte/profil/spieler/176553,https://www.instagram.com/a.laporte/,https://www.facebook.com/laporteaymeric,https://twitter.com/Laporte,https://en.wikipedia.org/wiki/Aymeric_Laporte
Niklas Süle,https://www.transfermarkt.it/niklas-sule/profil/spieler/166601,https://www.instagram.com/nsuele25/,,,https://en.wikipedia.org/wiki/Niklas_Süle
Rodrigo,https://www.transfermarkt.it/rodrigo/profil/spieler/131505,https://www.instagram.com/rodrigom_91/,,,https://en.wikipedia.org/wiki/Rodrigo_Moreno
Ciro Immobile,https://www.transfermarkt.it/ciro-immobile/profil/spieler/105521,https://www.instagram.com/ciroimmobile17/,https://www.facebook.com/CiroImmobilePaginaUfficiale/,https://twitter.com/ciroimmobile,https://en.wikipedia.org/wiki/Ciro_Immobile
Kyle Walker,https://www.transfermarkt.it/kyle-walker/profil/spieler/95424,https://www.instagram.com/kylewalker2/,https://www.facebook.com/kyle.walker2,https://twitter.com/kylewalker2,https://en.wikipedia.org/wiki/Kyle_Walker
Heung-min Son,https://www.transfermarkt.it/heung-min-son/profil/spieler/91845,https://www.instagram.com/hm_son7/,https://www.facebook.com/HeungMinSonOfficial,,https://en.wikipedia.org/wiki/Son_Heung-min
David Alaba,https://www.transfermarkt.it/david-alaba/profil/spieler/59016,https://www.instagram.com/da_27/,https://www.facebook.com/david.alaba.10888/,https://twitter.com/David_Alaba,https://en.wikipedia.org/wiki/David_Alaba
Thomas Müller,https://www.transfermarkt.it/thomas-muller/profil/spieler/58358,https://www.instagram.com/esmuellert/,https://www.facebook.com/es.muellert/,https://twitter.com/esmuellert_,https://en.wikipedia.org/wiki/Thomas_Müller
Willian,https://www.transfermarkt.it/willian/profil/spieler/52769,https://www.instagram.com/willianborges88/,https://www.facebook.com/willianborges88,https://twitter.com/Betao03,"https://en.wikipedia.org/wiki/Willian_(footballer,_born_1988)"
Jadon Sancho,https://www.transfermarkt.it/jadon-sancho/profil/spieler/401173,https://www.instagram.com/sanchooo10/,,https://twitter.com/Sanchooo10,https://en.wikipedia.org/wiki/Jadon_Sancho
Leon Bailey,https://www.transfermarkt.it/leon-bailey/profil/spieler/387626,https://www.instagram.com/leonbailey_9/,https://www.facebook.com/Leon-Bailey-144135155924780/,https://twitter.com/leonbailey,https://en.wikipedia.org/wiki/Leon_Bailey
Richarlison,https://www.transfermarkt.it/richarlison/profil/spieler/378710,https://www.instagram.com/richarlison/,https://www.facebook.com/richarlison9,https://twitter.com/richarlison97,https://en.wikipedia.org/wiki/Richarlison
Malcom,https://www.transfermarkt.it/malcom/profil/spieler/323704,https://www.instagram.com/malcomoliveira_97/,,,https://en.wikipedia.org/wiki/Malcom_(footballer)
Christian Pulisic,https://www.transfermarkt.it/christian-pulisic/profil/spieler/315779,https://www.instagram.com/cmpulisic/,https://www.facebook.com/cmpulisic/,https://twitter.com/cpulisic_10,https://en.wikipedia.org/wiki/Christian_Pulisic
Fabinho,https://www.transfermarkt.it/fabinho/profil/spieler/225693,https://www.instagram.com/fabinho/,https://www.facebook.com/fabinhotavaresoficial/,https://twitter.com/fabioalves_3,"https://en.wikipedia.org/wiki/Fabinho_(footballer,_born_1993)"
Federico Bernardeschi,https://www.transfermarkt.it/federico-bernardeschi/profil/spieler/197300,https://www.instagram.com/fbernardeschi/,https://www.facebook.com/FedericoBernardeschi10/,https://twitter.com/fbernardeschi,https://en.wikipedia.org/wiki/Federico_Bernardeschi
Corentin Tolisso,https://www.transfermarkt.it/corentin-tolisso/profil/spieler/190393,https://www.instagram.com/corentintolisso/,https://www.facebook.com/CorentinTolissoOfficiel/,https://twitter.com/CorentinTolisso,https://en.wikipedia.org/wiki/Corentin_Tolisso
Julian Brandt,https://www.transfermarkt.it/julian-brandt/profil/spieler/187492,https://www.instagram.com/julianbrandt/,https://www.facebook.com/julianbrandtofficial/,https://twitter.com/JulianBrandt,https://en.wikipedia.org/wiki/Julian_Brandt
Harry Maguire,https://www.transfermarkt.it/harry-maguire/profil/spieler/177907,https://www.instagram.com/harrymaguire93/,https://www.facebook.com/HarryMaguire93/,https://twitter.com/HarryMaguire93,https://en.wikipedia.org/wiki/Harry_Maguire
Memphis Depay,https://www.transfermarkt.it/memphis-depay/profil/spieler/167850,https://www.instagram.com/memphisdepay/,https://www.facebook.com/memphisdepayofficial,https://twitter.com/Memphis,https://en.wikipedia.org/wiki/Memphis_Depay
Benjamin Mendy,https://www.transfermarkt.it/benjamin-mendy/profil/spieler/157495,https://www.instagram.com/benmendy23/,https://www.facebook.com/BenjaminMendy23/,https://twitter.com/benmendy23,https://en.wikipedia.org/wiki/Benjamin_Mendy
Marcos Alonso,https://www.transfermarkt.it/marcos-alonso/profil/spieler/112515,https://www.instagram.com/marcosalonso28/,https://www.facebook.com/marcosalonsoMA3/,https://twitter.com/marcosalonso03,"https://en.wikipedia.org/wiki/Marcos_Alonso_(footballer,_born_1990)"
Alex Sandro,https://www.transfermarkt.it/alex-sandro/profil/spieler/79960,https://www.instagram.com/alxsndro12/,,,https://en.wikipedia.org/wiki/Alex_Sandro
Aaron Ramsey,https://www.transfermarkt.it/aaron-ramsey/profil/spieler/50057,https://www.instagram.com/aaronramsey/,https://www.facebook.com/aaronramsey,https://twitter.com/aaronramsey,https://en.wikipedia.org/wiki/Aaron_Ramsey
Ángel Di María,https://www.transfermarkt.it/angel-di-maria/profil/spieler/45320,https://www.instagram.com/angeldimariajm/,https://www.facebook.com/AngelDiMariaJM/,https://twitter.com/angeidimariajm,https://en.wikipedia.org/wiki/Ángel_Di_María
Ivan Perisic,https://www.transfermarkt.it/ivan-perisic/profil/spieler/42460,https://www.instagram.com/ivanperisic444/,https://www.facebook.com/IvanPerisic49/,https://twitter.com/ivanperisic44,https://en.wikipedia.org/wiki/Ivan_Perišic
Mesut Özil,https://www.transfermarkt.it/mesut-ozil/profil/spieler/35664,https://www.instagram.com/M10_OFFICIAL/,https://www.facebook.com/mesutoezil,https://twitter.com/MesutOzil1088,https://en.wikipedia.org/wiki/Mesut_Özil
Gerard Piqué,https://www.transfermarkt.it/gerard-pique/profil/spieler/18944,https://www.instagram.com/3gerardpique/,https://www.facebook.com/3GerardPique/,https://twitter.com/3gerardpique,https://en.wikipedia.org/wiki/Gerard_Piqué
Rodri,https://www.transfermarkt.it/rodri/profil/spieler/357565,,,,"https://en.wikipedia.org/wiki/Rodri_(footballer,_born_1996)"
Benjamin Pavard,https://www.transfermarkt.it/benjamin-pavard/profil/spieler/353366,https://www.instagram.com/benpavard21/,https://facebook.com/BenjaminPavardOfficial,https://twitter.com/BenPavard28,https://en.wikipedia.org/wiki/Benjamin_Pavard
Davinson Sánchez,https://www.transfermarkt.it/davinson-sanchez/profil/spieler/341429,https://www.instagram.com/daosanchez13/,https://www.facebook.com/Daosanchez26/,https://twitter.com/daosanchez26,https://en.wikipedia.org/wiki/Dávinson_Sánchez
Frenkie de Jong,https://www.transfermarkt.it/frenkie-de-jong/profil/spieler/326330,https://www.instagram.com/frenkiedejong/,,,https://en.wikipedia.org/wiki/Frenkie_de_Jong
Lucas Torreira,https://www.transfermarkt.it/lucas-torreira/profil/spieler/318077,https://www.instagram.com/ltorreira34/,,https://twitter.com/LTorreira34,https://en.wikipedia.org/wiki/Lucas_Torreira
Hirving Lozano,https://www.transfermarkt.it/hirving-lozano/profil/spieler/316889,https://www.instagram.com/hirvinglozano/,,https://twitter.com/HirvingLozano70,https://en.wikipedia.org/wiki/Hirving_Lozano
Gianluigi Donnarumma,https://www.transfermarkt.it/gianluigi-donnarumma/profil/spieler/315858,https://www.instagram.com/gigiodonna99/,https://www.facebook.com/GigioDonnarumma/,https://twitter.com/gigiodonna1,https://en.wikipedia.org/wiki/Gianluigi_Donnarumma
Rúben Neves,https://www.transfermarkt.it/ruben-neves/profil/spieler/225161,https://www.instagram.com/rubendsneves/,https://www.facebook.com/rubendsneves/,https://twitter.com/rubendsneves_,https://en.wikipedia.org/wiki/Rúben_Neves
Gonçalo Guedes,https://www.transfermarkt.it/goncalo-guedes/profil/spieler/225122,https://www.instagram.com/goncaloguedes15/,https://www.facebook.com/OficialGuedes/,https://twitter.com/gguedesoficial,https://en.wikipedia.org/wiki/Gonçalo_Guedes
Alessio Romagnoli,https://www.transfermarkt.it/alessio-romagnoli/profil/spieler/197747,https://www.instagram.com/alessio.romagnoli/,https://www.facebook.com/AlessioRomagnoliOfficial/,,https://en.wikipedia.org/wiki/Alessio_Romagnoli
Andreas Christensen,https://www.transfermarkt.it/andreas-christensen/profil/spieler/196948,https://www.instagram.com/andreaschristensen3/,,,https://en.wikipedia.org/wiki/Andreas_Christensen
Jonathan Tah,https://www.transfermarkt.it/jonathan-tah/profil/spieler/196357,https://www.instagram.com/jonathantah_/,https://www.facebook.com/JonathanTah4,https://twitter.com/jonatah,https://en.wikipedia.org/wiki/Jonathan_Tah
Héctor Bellerín,https://www.transfermarkt.it/hector-bellerin/profil/spieler/191217,https://www.instagram.com/hectorbellerin/,https://www.facebook.com/HectorBellerin,https://twitter.com/HectorBellerin,https://en.wikipedia.org/wiki/Héctor_Bellerín
Clément Lenglet,https://www.transfermarkt.it/clement-lenglet/profil/spieler/182904,https://www.instagram.com/clement_lenglet/,https://www.facebook.com/clem.lenglet/,https://twitter.com/clement_lenglet,https://en.wikipedia.org/wiki/Clément_Lenglet
João Cancelo,https://www.transfermarkt.it/joao-cancelo/profil/spieler/182712,https://www.instagram.com/jpcancelo/,https://www.facebook.com/cancelooficial/,,https://en.wikipedia.org/wiki/João_Cancelo
Piotr Zielinski,https://www.transfermarkt.it/piotr-zielinski/profil/spieler/181136,https://www.instagram.com/zielu_94,https://www.facebook.com/zielu.94/,,https://en.wikipedia.org/wiki/Piotr_Zielinski
Michy Batshuayi,https://www.transfermarkt.it/michy-batshuayi/profil/spieler/179184,https://www.instagram.com/mbatshuayi/,https://www.facebook.com/batshuayiofficial/,https://twitter.com/mbatshuayi,https://en.wikipedia.org/wiki/Michy_Batshuayi
Eric Dier,https://www.transfermarkt.it/eric-dier/profil/spieler/175722,https://www.instagram.com/ericdier15/,https://www.facebook.com/EricDierOfficial/,https://twitter.com/ericdier,https://en.wikipedia.org/wiki/Eric_Dier
Marcelo Brozovic,https://www.transfermarkt.it/marcelo-brozovic/profil/spieler/156617,https://www.instagram.com/marcelo_brozovic/,https://www.facebook.com/MarceloBrozovicOfficial/,,https://en.wikipedia.org/wiki/Marcelo_Brozovic
Leon Goretzka,https://www.transfermarkt.it/leon-goretzka/profil/spieler/153084,https://www.instagram.com/leon_goretzka,https://www.facebook.com/LeonGoretzka/,,https://en.wikipedia.org/wiki/Leon_Goretzka
Alex Oxlade-Chamberlain,https://www.transfermarkt.it/alex-oxlade-chamberlain/profil/spieler/143424,https://www.instagram.com/alexoxchamberlain/,https://www.facebook.com/alexoxchamberlain,https://twitter.com/Alex_OxChambo,https://en.wikipedia.org/wiki/Alex_Oxlade-Chamberlain
Jesse Lingard,https://www.transfermarkt.it/jesse-lingard/profil/spieler/141660,https://www.instagram.com/jesselingard/,https://www.facebook.com/jesselingardofficial,https://twitter.com/JesseLingard,https://en.wikipedia.org/wiki/Jesse_Lingard
Allan,https://www.transfermarkt.it/allan/profil/spieler/126422,https://www.instagram.com/allanmarques91/,,,"https://en.wikipedia.org/wiki/Allan_(footballer,_born_1991)"
Suso,https://www.transfermarkt.it/suso/profil/spieler/111961,https://www.instagram.com/suso/,,https://twitter.com/suso30oficial,https://en.wikipedia.org/wiki/Suso_(footballer)
Granit Xhaka,https://www.transfermarkt.it/granit-xhaka/profil/spieler/111455,https://www.instagram.com/granitxhaka/,https://www.facebook.com/GranitXhaka/,,https://en.wikipedia.org/wiki/Granit_Xhaka
Stefan de Vrij,https://www.transfermarkt.it/stefan-de-vrij/profil/spieler/111196,https://www.instagram.com/Stefandevrij/,https://www.facebook.com/stefan.devrij,https://twitter.com/Stefandevrij,https://en.wikipedia.org/wiki/Stefan_de_Vrij
Stefan Savic,https://www.transfermarkt.it/stefan-savic/profil/spieler/107010,https://www.instagram.com/savkee15/,,,https://en.wikipedia.org/wiki/Stefan_Savic
Konstantinos Manolas,https://www.transfermarkt.it/konstantinos-manolas/profil/spieler/104752,https://www.instagram.com/kostasmanolas44/,,,https://en.wikipedia.org/wiki/Kostas_Manolas
Antonio Rüdiger,https://www.transfermarkt.it/antonio-rudiger/profil/spieler/86202,https://www.instagram.com/toniruediger/,https://www.facebook.com/toni.ruediger,https://twitter.com/ToniRuediger,https://en.wikipedia.org/wiki/Antonio_Rüdiger
Nemanja Matic,https://www.transfermarkt.it/nemanja-matic/profil/spieler/74683,https://www.instagram.com/nemanjamatic/,,https://twitter.com/NemanjaMatic,https://en.wikipedia.org/wiki/Nemanja_Matic
César Azpilicueta,https://www.transfermarkt.it/cesar-azpilicueta/profil/spieler/57500,https://www.instagram.com/cesarazpi/,https://www.facebook.com/CesarAzpilicuetaOficial/,https://twitter.com/CesarAzpi,https://en.wikipedia.org/wiki/César_Azpilicueta
Ilkay Gündogan,https://www.transfermarkt.it/ilkay-gundogan/profil/spieler/53622,https://www.instagram.com/ilkayguendogan/,https://www.facebook.com/IlkayGuendogan,https://twitter.com/IlkayGuendogan,https://en.wikipedia.org/wiki/Ilkay_Gündogan
Georginio Wijnaldum,https://www.transfermarkt.it/georginio-wijnaldum/profil/spieler/49499,https://www.instagram.com/gwijnaldum/,,https://twitter.com/GWijnaldum,https://en.wikipedia.org/wiki/Georginio_Wijnaldum
Javi Martínez,https://www.transfermarkt.it/javi-martinez/profil/spieler/44017,https://www.instagram.com/javi8martinez,https://www.facebook.com/javimartinez.oficial/,https://twitter.com/Javi8martinez,https://en.wikipedia.org/wiki/Javi_Martínez
Toby Alderweireld,https://www.transfermarkt.it/toby-alderweireld/profil/spieler/42710,https://www.instagram.com/tobyalderweireld/,https://www.facebook.com/alderweireldtoby4,https://twitter.com/AlderweireldTob,https://en.wikipedia.org/wiki/Toby_Alderweireld
Radja Nainggolan,https://www.transfermarkt.it/radja-nainggolan/profil/spieler/41982,https://www.instagram.com/radja_nainggolan_l4/,https://www.facebook.com/RadjaOfficial/,https://twitter.com/OfficialRadja,https://en.wikipedia.org/wiki/Radja_Nainggolan
Marco Reus,https://www.transfermarkt.it/marco-reus/profil/spieler/35207,https://www.instagram.com/marcinho11/,https://www.facebook.com/MarcoReus11,https://twitter.com/woodyinho,https://en.wikipedia.org/wiki/Marco_Reus
Jérôme Boateng,https://www.transfermarkt.it/jerome-boateng/profil/spieler/26485,https://www.instagram.com/jeromeboateng,https://www.facebook.com/JeromeBoateng17/,https://twitter.com/JB17Official,https://en.wikipedia.org/wiki/Jérôme_Boateng
Sergio Ramos,https://www.transfermarkt.it/sergio-ramos/profil/spieler/25557,https://www.instagram.com/sergioramos/,https://www.facebook.com/SergioRamosOficial/,https://twitter.com/SergioRamos,https://en.wikipedia.org/wiki/Sergio_Ramos
Karim Benzema,https://www.transfermarkt.it/karim-benzema/profil/spieler/18922,https://www.instagram.com/karimbenzema/,https://www.facebook.com/KarimBenzema/,https://twitter.com/Benzema,https://en.wikipedia.org/wiki/Karim_Benzema
Paulinho,https://www.transfermarkt.it/paulinho/profil/spieler/57229,https://www.instagram.com/paulinhop8/,https://www.facebook.com/paulinhop8/,https://twitter.com/paulinho,https://en.wikipedia.org/wiki/Paulinho_(footballer)
Tanguy Ndombélé,https://www.transfermarkt.it/tanguy-ndombele/profil/spieler/450936,https://www.instagram.com/ndombele_22/,,,https://en.wikipedia.org/wiki/Tanguy_Ndombele
Houssem Aouar,https://www.transfermarkt.it/houssem-aouar/profil/spieler/395693,https://www.instagram.com/houssem_aouar/,https://www.facebook.com/Houssem-Aouar-105670626964937/,https://twitter.com/HoussemAouar,https://en.wikipedia.org/wiki/Houssem_Aouar
Ryan Sessegnon,https://www.transfermarkt.it/ryan-sessegnon/profil/spieler/392775,https://www.instagram.com/ryansess/,,https://twitter.com/RyanSessegnon,https://en.wikipedia.org/wiki/Ryan_Sessegnon
Vinícius Júnior,https://www.transfermarkt.it/vinicius-junior/profil/spieler/371998,https://www.instagram.com/viniciusjunior/,https://facebook.com/viniiciusjunior11,https://twitter.com/vini11Oficial,https://en.wikipedia.org/wiki/Vinícius_Júnior
Mikel Oyarzabal,https://www.transfermarkt.it/mikel-oyarzabal/profil/spieler/351478,https://www.instagram.com/mikel10oyar/,,https://twitter.com/mikel10oyar,https://en.wikipedia.org/wiki/Mikel_Oyarzabal
Trent Alexander-Arnold,https://www.transfermarkt.it/trent-alexander-arnold/profil/spieler/314353,https://www.instagram.com/trentarnold66/,,https://twitter.com/trentaa98,https://en.wikipedia.org/wiki/Trent_Alexander-Arnold
Franck Kessié,https://www.transfermarkt.it/franck-kessie/profil/spieler/294808,https://www.instagram.com/franckkessie/,,,https://en.wikipedia.org/wiki/Franck_Kessié
Wilfred Ndidi,https://www.transfermarkt.it/wilfred-ndidi/profil/spieler/274839,https://www.instagram.com/ndidi25/,,https://twitter.com/Ndidi25,https://en.wikipedia.org/wiki/Wilfred_Ndidi
Andrew Robertson,https://www.transfermarkt.it/andrew-robertson/profil/spieler/234803,https://www.instagram.com/andyrobertson94/,,https://twitter.com/andrewrobertso5,https://en.wikipedia.org/wiki/Andrew_Robertson_(footballer)
Thomas,https://www.transfermarkt.it/thomas/profil/spieler/230784,https://www.instagram.com/thomaspartey5/,https://www.facebook.com/ThomasPartey5,https://twitter.com/thomaspartey22,https://en.wikipedia.org/wiki/Thomas_Partey
José Gayà,https://www.transfermarkt.it/jose-gaya/profil/spieler/221322,https://www.instagram.com/jose_gaya/,,https://twitter.com/jose_gaya,https://en.wikipedia.org/wiki/José_Luis_Gayà
Tiemoué Bakayoko,https://www.transfermarkt.it/tiemoue-bakayoko/profil/spieler/182618,https://www.instagram.com/bakayoko_official14/,https://www.facebook.com/Tiemoue.Bakayoko14/,,https://en.wikipedia.org/wiki/Tiémoué_Bakayoko
Andrea Belotti,https://www.transfermarkt.it/andrea-belotti/profil/spieler/167727,https://www.instagram.com/gallobelotti/,https://www.facebook.com/gallobelottiofficial/,https://twitter.com/gallobelotti,https://en.wikipedia.org/wiki/Andrea_Belotti
Felipe Anderson,https://www.transfermarkt.it/felipe-anderson/profil/spieler/159372,https://www.instagram.com/f_andersoon/,https://www.facebook.com/felipeanderson,https://twitter.com/F_Andersoon,https://en.wikipedia.org/wiki/Felipe_Anderson
Jordan Pickford,https://www.transfermarkt.it/jordan-pickford/profil/spieler/130164,https://www.instagram.com/jpickford1/,https://www.facebook.com/JordanPickfordOfficial/,https://twitter.com/JPickford1,https://en.wikipedia.org/wiki/Jordan_Pickford
Luis Alberto,https://www.transfermarkt.it/luis-alberto/profil/spieler/128220,https://www.instagram.com/10_luisalberto/,,,"https://en.wikipedia.org/.../Luis_Alberto_(footballer,_born_199..."
Kieran Trippier,https://www.transfermarkt.it/kieran-trippier/profil/spieler/95810,https://www.instagram.com/ktrippier2/,,https://twitter.com/trippier2,https://en.wikipedia.org/wiki/Kieran_Trippier
Pablo Sarabia,https://www.transfermarkt.it/pablo-sarabia/profil/spieler/74230,https://www.instagram.com/pablosarabia92/,,https://twitter.com/Pablosarabia92,https://en.wikipedia.org/wiki/Pablo_Sarabia
Nacho Fernández,https://www.transfermarkt.it/nacho-fernandez/profil/spieler/58884,https://www.instagram.com/nachofdez90/,https://www.facebook.com/Nachofernandeziglesiasoficial,https://twitter.com/nachofi1990,"https://en.wikipedia.org/wiki/Nacho_(footballer,_born_1990)"
Henrikh Mkhitaryan,https://www.transfermarkt.it/henrikh-mkhitaryan/profil/spieler/55735,https://www.instagram.com/micki_taryan/,https://www.facebook.com/HenrikhMkh/,https://twitter.com/HenrikhMkh,https://en.wikipedia.org/wiki/Henrikh_Mkhitaryan
Nicolás Otamendi,https://www.transfermarkt.it/nicolas-otamendi/profil/spieler/54781,https://www.instagram.com/nicolasotamendi30/,https://www.facebook.com/fcOtamendi,https://twitter.com/Notamendi30,https://en.wikipedia.org/wiki/Nicolás_Otamendi
Andrej Kramaric,https://www.transfermarkt.it/andrej-kramaric/profil/spieler/46580,https://www.instagram.com/andrejkramaric/,https://www.facebook.com/kramaric.andrej/,,https://en.wikipedia.org/wiki/Andrej_Kramaric
Leonardo Bonucci,https://www.transfermarkt.it/leonardo-bonucci/profil/spieler/39983,https://www.instagram.com/bonuccileo19/,https://www.facebook.com/bonuccileo19/,https://twitter.com/bonucci_leo19,https://en.wikipedia.org/wiki/Leonardo_Bonucci
Manuel Akanji,https://www.transfermarkt.it/manuel-akanji/profil/spieler/284730,https://www.instagram.com/obafemi_36/,https://www.facebook.com/manuelobafemiakanji/,https://twitter.com/obafemi_36,https://en.wikipedia.org/wiki/Manuel_Akanji
Iñigo Martínez,https://www.transfermarkt.it/inigo-martinez/profil/spieler/158863,https://www.instagram.com/inigomartinez/,https://www.facebook.com/InigoMartinezOficial/,https://twitter.com/InigoMartinez,https://en.wikipedia.org/wiki/Iñigo_Martínez
Lucas Moura,https://www.transfermarkt.it/lucas-moura/profil/spieler/77100,https://www.instagram.com/lucasmoura7/,https://www.facebook.com/lucasmoura,https://twitter.com/LucasMoura7,https://en.wikipedia.org/wiki/Lucas_Moura
Jan Vertonghen,https://www.transfermarkt.it/jan-vertonghen/profil/spieler/43250,https://www.instagram.com/jvertonghen/,https://www.facebook.com/JanVertonghen/,https://twitter.com/JanVertonghen,https://en.wikipedia.org/wiki/Jan_Vertonghen
Maximiliano Gómez,https://www.transfermarkt.it/maximiliano-gomez/profil/spieler/396894,https://www.instagram.com/maxi_gomez9/,,https://twitter.com/gomez_maxi9,https://en.wikipedia.org/wiki/Maxi_Gómez
Carlos Soler,https://www.transfermarkt.it/carlos-soler/profil/spieler/372246,https://www.instagram.com/carlos10soler/,https://www.facebook.com/carlossoleroficial/,https://twitter.com/Carlos10Soler,https://en.wikipedia.org/wiki/Carlos_Soler_(footballer)
Giovani Lo Celso,https://www.transfermarkt.it/giovani-lo-celso/profil/spieler/348795,https://www.instagram.com/locelsogiovani/,,https://twitter.com/LoCelsoGiovani,https://en.wikipedia.org/wiki/Giovani_Lo_Celso
Dayot Upamecano,https://www.transfermarkt.it/dayot-upamecano/profil/spieler/344695,https://www.instagram.com/upamecano_5/,,,https://en.wikipedia.org/wiki/Dayot_Upamecano
Yerry Mina,https://www.transfermarkt.it/yerry-mina/profil/spieler/289446,https://www.instagram.com/yerrymina/,https://www.facebook.com/yerryminaofficial/,,https://en.wikipedia.org/wiki/Yerry_Mina
Eric Bailly,https://www.transfermarkt.it/eric-bailly/profil/spieler/286384,https://www.instagram.com/ericbailly24/,https://www.facebook.com/EricBailly24/?fref=ts,https://twitter.com/ericbailly24,https://en.wikipedia.org/wiki/Eric_Bailly
Presnel Kimpembe,https://www.transfermarkt.it/presnel-kimpembe/profil/spieler/282041,https://www.instagram.com/kimpembe3/,https://www.facebook.com/presnelkimpembeofficial/,https://twitter.com/kimpembe_3,https://en.wikipedia.org/wiki/Presnel_Kimpembe
Álvaro Odriozola,https://www.transfermarkt.it/alvaro-odriozola/profil/spieler/280730,https://www.instagram.com/alvaroodriozola/,https://www.facebook.com/odriozolaoficial/,https://twitter.com/alvaroodriozola,https://en.wikipedia.org/wiki/Álvaro_Odriozola
Ángel Correa,https://www.transfermarkt.it/angel-correa/profil/spieler/266807,https://www.instagram.com/angelcorrea32/,,https://twitter.com/AngelCorrea32,https://en.wikipedia.org/wiki/Ángel_Correa
Aleksandr Golovin,https://www.transfermarkt.it/aleksandr-golovin/profil/spieler/263918,https://www.instagram.com/alex_golovin17/,,,https://en.wikipedia.org/wiki/Aleksandr_Golovin_(footballer)
Gelson Martins,https://www.transfermarkt.it/gelson-martins/profil/spieler/257448,https://www.instagram.com/gelsondany77/,https://www.facebook.com/GelsonMartinsOfficial77/,https://twitter.com/GelsonMartins_,https://en.wikipedia.org/wiki/Gelson_Martins
Nicolò Barella,https://www.transfermarkt.it/nicolo-barella/profil/spieler/255942,https://www.instagram.com/nicolo_barella/,,,https://en.wikipedia.org/wiki/Nicolò_Barella
Iñaki Williams,https://www.transfermarkt.it/inaki-williams/profil/spieler/255508,https://www.instagram.com/williaaaams11/,https://www.facebook.com/inakiwilliamsoficial/,https://twitter.com/Williaaams45,https://en.wikipedia.org/wiki/Iñaki_Williams
Keita Baldé,https://www.transfermarkt.it/keita-balde/profil/spieler/238752,https://www.instagram.com/keitabaldeofficial/,https://www.facebook.com/KeitaBaldeD/,https://twitter.com/KeitaBalde,https://en.wikipedia.org/wiki/Keita_Baldé
Nélson Semedo,https://www.transfermarkt.it/nelson-semedo/profil/spieler/231572,https://www.instagram.com/nelsonsemedo50/,https://www.facebook.com/OficialNelsonSemedo/,https://twitter.com/_nelsonsemedo_,https://en.wikipedia.org/wiki/Nélson_Semedo
Thilo Kehrer,https://www.transfermarkt.it/thilo-kehrer/profil/spieler/228948,https://www.instagram.com/thilokehrer/,https://www.facebook.com/ThiloKehrer20/,https://twitter.com/KehrerThilo,https://en.wikipedia.org/wiki/Thilo_Kehrer
Hakim Ziyech,https://www.transfermarkt.it/hakim-ziyech/profil/spieler/217111,https://www.instagram.com/hziyech/,https://www.facebook.com/officialhziyech/,,https://en.wikipedia.org/wiki/Hakim_Ziyech
André Silva,https://www.transfermarkt.it/andre-silva/profil/spieler/198008,https://www.instagram.com/andresilva9/,https://www.facebook.com/andresilva49/,https://twitter.com/andrevsilva19,"https://en.wikipedia.org/.../André_Silva_(footballer,_born_1995..."
Ante Rebic,https://www.transfermarkt.it/ante-rebic/profil/spieler/187587,https://www.instagram.com/anterebic/,,,https://en.wikipedia.org/wiki/Ante_Rebic
Jean Michaël Seri,https://www.transfermarkt.it/jean-michael-seri/profil/spieler/178614,https://www.instagram.com/mika_seri6/,,,https://en.wikipedia.org/wiki/Jean_Michaël_Seri
Serge Gnabry,https://www.transfermarkt.it/serge-gnabry/profil/spieler/159471,https://www.instagram.com/sergegnabry#,https://www.facebook.com/SergeGnabry,https://twitter.com/SergeGnabry,https://en.wikipedia.org/wiki/Serge_Gnabry
Wissam Ben Yedder,https://www.transfermarkt.it/wissam-ben-yedder/profil/spieler/146854,https://www.instagram.com/wissbenyedder/,https://www.facebook.com/wby10,https://twitter.com/WissBenYedder,https://en.wikipedia.org/wiki/Wissam_Ben_Yedder
Wilfried Zaha,https://www.transfermarkt.it/wilfried-zaha/profil/spieler/145988,https://www.instagram.com/wilfriedzaha/,https://www.facebook.com/Wilfriedzaha,https://twitter.com/wilfriedzaha,https://en.wikipedia.org/wiki/Wilfried_Zaha
Alessandro Florenzi,https://www.transfermarkt.it/alessandro-florenzi/profil/spieler/130365,https://www.instagram.com/florenzipertelethon/,https://www.facebook.com/AlessandroFlorenzi/,https://twitter.com/Florenzi,https://en.wikipedia.org/wiki/Alessandro_Florenzi
Geoffrey Kondogbia,https://www.transfermarkt.it/geoffrey-kondogbia/profil/spieler/127189,https://www.instagram.com/geoffreykondogbia/,https://www.facebook.com/kondogbia.geoffrey/,https://twitter.com/Geo_Kondogbia,https://en.wikipedia.org/wiki/Geoffrey_Kondogbia
Paco Alcácer,https://www.transfermarkt.it/paco-alcacer/profil/spieler/126716,https://www.instagram.com/paco93alcacer/,https://www.facebook.com/paco93alcacer/,https://twitter.com/paco93alcacer,https://en.wikipedia.org/wiki/Paco_Alcácer
Willian José,https://www.transfermarkt.it/willian-jose/profil/spieler/122155,https://www.instagram.com/willianjose/,,https://twitter.com/willianjose19,https://en.wikipedia.org/wiki/Willian_José
Emre Can,https://www.transfermarkt.it/emre-can/profil/spieler/119296,https://www.instagram.com/ec2323/,https://www.facebook.com/EmreCoskunOficial/,https://twitter.com/emrecan_,https://en.wikipedia.org/wiki/Emre_Can
Ander Herrera,https://www.transfermarkt.it/ander-herrera/profil/spieler/99343,https://www.instagram.com/anderherrera/,https://www.facebook.com/anderherrera/,https://twitter.com/AnderHerrera,https://en.wikipedia.org/wiki/Ander_Herrera
Gylfi Sigurdsson,https://www.transfermarkt.it/gylfi-sigurdsson/profil/spieler/90466,https://www.instagram.com/gylfisig23/,,,https://en.wikipedia.org/wiki/Gylfi_Sigurðsson
Julian Draxler,https://www.transfermarkt.it/julian-draxler/profil/spieler/85148,https://www.instagram.com/draxlerofficial/,https://www.facebook.com/juliandraxler,,https://en.wikipedia.org/wiki/Julian_Draxler
Victor Wanyama,https://www.transfermarkt.it/victor-wanyama/profil/spieler/77760,https://www.instagram.com/victorwanyama/,,https://twitter.com/VictorWanyama,https://en.wikipedia.org/wiki/Victor_Wanyama
Steven Nzonzi,https://www.transfermarkt.it/steven-nzonzi/profil/spieler/73734,https://www.instagram.com/iamnzonzi15/,https://www.facebook.com/snzonzi/,,https://en.wikipedia.org/wiki/Steven_Nzonzi
Dries Mertens,https://www.transfermarkt.it/dries-mertens/profil/spieler/56416,https://www.instagram.com/driesmertens,https://www.facebook.com/MertensOfficial,https://twitter.com/dries_mertens14,https://en.wikipedia.org/wiki/Dries_Mertens
Diego Godín,https://www.transfermarkt.it/diego-godin/profil/spieler/54928,https://www.instagram.com/diegogodin/,https://www.facebook.com/diegogodin02/,https://twitter.com/diegogodin,https://en.wikipedia.org/wiki/Diego_Godín
Mateo Kovacic,https://www.transfermarkt.it/mateo-kovacic/profil/spieler/51471,https://www.instagram.com/mateokovacic8/,https://www.facebook.com/MateoKovacic/,https://twitter.com/Mateo_Kova23,https://en.wikipedia.org/wiki/Mateo_Kovacic
Danny Rose,https://www.transfermarkt.it/danny-rose/profil/spieler/50174,,,,"https://en.wikipedia.org/.../Danny_Rose_(footballer,_born_199..."
Juan Mata,https://www.transfermarkt.it/juan-mata/profil/spieler/44068,https://www.instagram.com/juanmatagarcia,https://www.facebook.com/JuanMataOficial/,https://twitter.com/juanmata8,https://en.wikipedia.org/wiki/Juan_Mata
Marek Hamsik,https://www.transfermarkt.it/marek-hamsik/profil/spieler/38593,https://www.instagram.com/marek_hamsik_17_official/,https://www.facebook.com/marekhamsikofficial17/,,https://en.wikipedia.org/wiki/Marek_Hamšík
David Silva,https://www.transfermarkt.it/david-silva/profil/spieler/35518,https://www.instagram.com/david21lva/,https://www.facebook.com/davidsilvaoficial,https://twitter.com/21LVA,https://en.wikipedia.org/wiki/David_Silva
Axel Witsel,https://www.transfermarkt.it/axel-witsel/profil/spieler/35047,https://www.instagram.com/axelwitsel28,https://www.facebook.com/axelwitsel28/,https://twitter.com/axelwitsel28,https://en.wikipedia.org/wiki/Axel_Witsel
Blaise Matuidi,https://www.transfermarkt.it/blaise-matuidi/profil/spieler/33923,https://www.instagram.com/blaisematuidiofficiel/,https://www.facebook.com/BlaiseMatuidiOfficiel/,https://twitter.com/MATUIDIBlaise,https://en.wikipedia.org/wiki/Blaise_Matuidi
Hugo Lloris,https://www.transfermarkt.it/hugo-lloris/profil/spieler/17965,https://www.instagram.com/iamhugolloris/,,,https://en.wikipedia.org/wiki/Hugo_Lloris
Manuel Neuer,https://www.transfermarkt.it/manuel-neuer/profil/spieler/17259,https://www.instagram.com/manuelneuer/,https://www.facebook.com/manuel.neuer/,https://twitter.com/Manuel_Neuer,https://en.wikipedia.org/wiki/Manuel_Neuer
James Maddison,https://www.transfermarkt.it/james-maddison/profil/spieler/294057,https://www.instagram.com/madders/,,https://twitter.com/Madders10,https://en.wikipedia.org/wiki/James_Maddison
Lorenzo Pellegrini,https://www.transfermarkt.it/lorenzo-pellegrini/profil/spieler/286297,https://www.instagram.com/lorepelle7/,,https://twitter.com/LorePelle7,https://en.wikipedia.org/wiki/Lorenzo_Pellegrini
Rúben Dias,https://www.transfermarkt.it/ruben-dias/profil/spieler/258004,https://www.instagram.com/rubendias/,https://www.facebook.com/RubenDias66/,,https://en.wikipedia.org/wiki/Rúben_Dias
Joe Gomez,https://www.transfermarkt.it/joe-gomez/profil/spieler/256178,https://www.instagram.com/joegomez5/,https://www.facebook.com/JoeGomez5Official/,https://twitter.com/J_Gomez97,https://en.wikipedia.org/wiki/Joe_Gomez_(footballer)
Rony Lopes,https://www.transfermarkt.it/rony-lopes/profil/spieler/174694,https://www.instagram.com/ronylopes10/,https://www.facebook.com/ronylopesoficial,https://twitter.com/Rony10Lopes,https://en.wikipedia.org/wiki/Rony_Lopes
Alassane Plea,https://www.transfermarkt.it/alassane-plea/profil/spieler/167329,https://www.instagram.com/alasplea/,https://www.facebook.com/alassanepleaa/,https://twitter.com/alassane_plea,https://en.wikipedia.org/wiki/Alassane_Pléa
Rafinha,https://www.transfermarkt.it/rafinha/profil/spieler/129473,https://www.instagram.com/rafinhaaa93/,https://www.facebook.com/rafinhalcantara,https://twitter.com/R13_official,"https://en.wikipedia.org/wiki/Rafinha_(footballer,_born_February_1993)"
Juan Cuadrado,https://www.transfermarkt.it/juan-cuadrado/profil/spieler/91970,https://www.instagram.com/cuadrado/,https://www.facebook.com/OficialCuadrado/,https://twitter.com/Cuadrado,https://en.wikipedia.org/wiki/Juan_Cuadrado
Oscar,https://www.transfermarkt.it/oscar/profil/spieler/85314,https://www.instagram.com/oscar_emboaba/,https://www.facebook.com/oscaroficial/,https://twitter.com/oscar8,"https://en.wikipedia.org/wiki/Oscar_(footballer,_born_1991)"
Kevin Strootman,https://www.transfermarkt.it/kevin-strootman/profil/spieler/68864,https://www.instagram.com/kevinstrootman/,https://www.facebook.com/StrootmanOfficial,https://twitter.com/Kevin_strootman,https://en.wikipedia.org/wiki/Kevin_Strootman
Jordan Henderson,https://www.transfermarkt.it/jordan-henderson/profil/spieler/61651,https://www.instagram.com/jhenderson/,https://www.facebook.com/Jordan-Henderson-180362872019250/,https://twitter.com/JHenderson,https://en.wikipedia.org/wiki/Jordan_Henderson
Cengiz Ünder,https://www.transfermarkt.it/cengiz-under/profil/spieler/341647,https://www.instagram.com/cengizunder,https://www.facebook.com/CengizUnder10/,https://twitter.com/cengizunder,https://en.wikipedia.org/wiki/Cengiz_Ünder
Hakan Calhanoglu,https://www.transfermarkt.it/hakan-calhanoglu/profil/spieler/126414,https://www.instagram.com/hakancalhanoglu,https://www.facebook.com/hakancalhanogluofficial,https://twitter.com/hakanc10,https://en.wikipedia.org/wiki/Hakan_Çalhanoglu
Bruno Fernandes,https://www.transfermarkt.it/bruno-fernandes/profil/spieler/240306,https://www.instagram.com/brunofernandes.10/,https://www.facebook.com/BrunoFernandesOfficial/,https://twitter.com/Bruno_Caboclo,"https://en.wikipedia.org/wiki/Bruno_Fernandes_(footballer,_born_1994)"
Yacine Brahimi,https://www.transfermarkt.it/yacine-brahimi/profil/spieler/60517,https://www.instagram.com/brahimiofficiel/,https://www.facebook.com/OfficielBrahimi/,https://twitter.com/BrahimiOfficial,https://en.wikipedia.org/wiki/Yacine_Brahimi
David Neres,https://www.transfermarkt.it/david-neres/profil/spieler/469822,https://www.instagram.com/davidneres/,https://www.facebook.com/neresdavid/,,https://en.wikipedia.org/wiki/David_Neres
Paulinho,https://www.transfermarkt.it/paulinho/profil/spieler/428791,https://www.instagram.com/paulinhoph7/,https://facebook.com/PaulinhoPH7oficial/,https://twitter.com/paulinho,https://it.wikipedia.org/wiki/Paulinho_(calciatore_2000)
Santiago Ascacíbar,https://www.transfermarkt.it/santiago-ascacibar/profil/spieler/423436,https://www.instagram.com/santiascacibar97/,,,https://en.wikipedia.org/wiki/Santiago_Ascacíbar
Nikola Milenkovic,https://www.transfermarkt.it/nikola-milenkovic/profil/spieler/413507,https://www.instagram.com/milenkovicn_4/,,,https://en.wikipedia.org/wiki/Nikola_Milenkovic
Lautaro Martínez,https://www.transfermarkt.it/lautaro-martinez/profil/spieler/406625,https://www.instagram.com/lautaromartinezz10/,https://www.facebook.com/LautaroMartinezOfficial/,,https://en.wikipedia.org/wiki/Lautaro_Martínez
Amine Harit,https://www.transfermarkt.it/amine-harit/profil/spieler/372711,https://www.instagram.com/a.harit14/,https://www.facebook.com/AmineHaritOfficiel/,https://twitter.com/Amine_000,https://en.wikipedia.org/wiki/Amine_Harit
Pablo Fornals,https://www.transfermarkt.it/pablo-fornals/profil/spieler/357885,https://www.instagram.com/pablofornals/,,https://twitter.com/pablofornals,https://en.wikipedia.org/wiki/Pablo_Fornals
André Zambo Anguissa,https://www.transfermarkt.it/andre-zambo-anguissa/profil/spieler/354361,https://www.instagram.com/anguiss_29/,,,https://en.wikipedia.org/wiki/André-Frank_Zambo_Anguissa
Lucas Tousart,https://www.transfermarkt.it/lucas-tousart/profil/spieler/353948,https://www.instagram.com/lucas_tousart/,https://www.facebook.com/LTousart/,https://twitter.com/lucas_tousart29,https://en.wikipedia.org/wiki/Lucas_Tousart
Fabián Ruiz,https://www.transfermarkt.it/fabian-ruiz/profil/spieler/350219,https://www.instagram.com/fabianruiz52/,,https://twitter.com/FabianRP52,https://en.wikipedia.org/wiki/Fabián_Ruiz_Peña
Nicolas Pépé,https://www.transfermarkt.it/nicolas-pepe/profil/spieler/343052,https://www.instagram.com/nicolas.pepe19/,,,https://en.wikipedia.org/wiki/Nicolas_Pépé
Moussa Marega,https://www.transfermarkt.it/moussa-marega/profil/spieler/283130,https://www.instagram.com/marega11/,,https://twitter.com/marega91,https://en.wikipedia.org/wiki/Moussa_Marega
Giovanni Simeone,https://www.transfermarkt.it/giovanni-simeone/profil/spieler/282388,https://www.instagram.com/simeonegiovanni/,https://www.facebook.com/Gio9Simeone/,https://twitter.com/simeonegiovanni,https://en.wikipedia.org/wiki/Giovanni_Simeone
Jean-Kévin Augustin,https://www.transfermarkt.it/jean-kevin-augustin/profil/spieler/264956,https://www.instagram.com/augustin_29/,https://www.facebook.com/JKAugustin/,https://twitter.com/33_augustin,https://en.wikipedia.org/wiki/Jean-Kévin_Augustin
Jefferson Lerma,https://www.transfermarkt.it/jefferson-lerma/profil/spieler/262980,https://www.instagram.com/jeffersonlerma/,,https://twitter.com/jeffersonlerma,https://en.wikipedia.org/wiki/Jefferson_Lerma
Talisca,https://www.transfermarkt.it/talisca/profil/spieler/258626,https://www.instagram.com/andersontalisca/,,,https://en.wikipedia.org/wiki/Talisca
Alex Telles,https://www.transfermarkt.it/alex-telles/profil/spieler/255755,https://www.instagram.com/alextelles13,https://www.facebook.com/AlexTelles13Oficial/,,https://en.wikipedia.org/wiki/Alex_Telles
Abdou Diallo,https://www.transfermarkt.it/abdou-diallo/profil/spieler/229005,,,,https://en.wikipedia.org/wiki/Abdou_Diallo
Wendell,https://www.transfermarkt.it/wendell/profil/spieler/228433,https://www.instagram.com/wendellborges18/,https://www.facebook.com/wendellborges18/,,https://en.wikipedia.org/wiki/Wendell_(footballer)
Lucas Vázquez,https://www.transfermarkt.it/lucas-vazquez/profil/spieler/221316,https://www.instagram.com/lucasvazquez91/,https://www.facebook.com/lucasvazquez1991/,https://twitter.com/Lucasvazquez91,https://en.wikipedia.org/wiki/Lucas_Vázquez
Elseid Hysaj,https://www.transfermarkt.it/elseid-hysaj/profil/spieler/200056,https://www.instagram.com/elsihysaj/,,,https://en.wikipedia.org/wiki/Elseid_Hysaj
Bryan Cristante,https://www.transfermarkt.it/bryan-cristante/profil/spieler/199248,https://www.instagram.com/bryancristante/,,https://twitter.com/Cristante,https://en.wikipedia.org/wiki/Bryan_Cristante
Mattia Caldara,https://www.transfermarkt.it/mattia-caldara/profil/spieler/197470,https://www.instagram.com/mattiacaldara/,,,https://en.wikipedia.org/wiki/Mattia_Caldara
Julian Weigl,https://www.transfermarkt.it/julian-weigl/profil/spieler/196792,https://www.instagram.com/juweigl/,https://www.facebook.com/julian.weigl28,https://twitter.com/JuWeigl,https://en.wikipedia.org/wiki/Julian_Weigl
Alejandro Grimaldo,https://www.transfermarkt.it/alejandro-grimaldo/profil/spieler/193082,https://www.instagram.com/grimaldo35/,https://www.facebook.com/alejandrogrimaldo3535/,https://twitter.com/grimaldo35,https://en.wikipedia.org/wiki/Álex_Grimaldo
Ben Davies,https://www.transfermarkt.it/ben-davies/profil/spieler/192765,https://www.instagram.com/bendavies33/,,https://twitter.com/Ben_Davies33,"https://en.wikipedia.org/wiki/Ben_Davies_(footballer,_born_1993)"
Stanislav Lobotka,https://www.transfermarkt.it/stanislav-lobotka/profil/spieler/192735,https://www.instagram.com/stanleylobotka37/,,,https://en.wikipedia.org/wiki/Stanislav_Lobotka
Victor Lindelöf,https://www.transfermarkt.it/victor-lindelof/profil/spieler/184573,https://www.instagram.com/victorlindelof/,https://www.facebook.com/VictorLindelofOfficial/,https://twitter.com/vlindelof,https://en.wikipedia.org/wiki/Victor_Lindelöf
Jean-Philippe Gbamin,https://www.transfermarkt.it/jean-philippe-gbamin/profil/spieler/182894,https://www.instagram.com/jpgbamin25/,https://www.facebook.com/Jean-Philippe-Gbamin-179803758861928/,https://twitter.com/jpcrettino,https://en.wikipedia.org/wiki/Jean-Philippe_Gbamin
Nathan Aké,https://www.transfermarkt.it/nathan-ake/profil/spieler/177476,https://www.instagram.com/nathanake/,https://www.facebook.com/nathan.ake,https://twitter.com/NathanAke,https://en.wikipedia.org/wiki/Nathan_Aké
Matteo Politano,https://www.transfermarkt.it/matteo-politano/profil/spieler/165895,https://www.instagram.com/matteo_poli7/,https://www.facebook.com/MatteoPolitano16/,https://twitter.com/MPolitano16,https://en.wikipedia.org/wiki/Matteo_Politano
Matías Vecino,https://www.transfermarkt.it/matias-vecino/profil/spieler/143812,https://www.instagram.com/vecino/,https://www.facebook.com/MatiasVecinoUY/,https://twitter.com/vecino,https://en.wikipedia.org/wiki/Matías_Vecino
Ross Barkley,https://www.transfermarkt.it/ross-barkley/profil/spieler/131978,https://www.instagram.com/rossbarkley/,,https://twitter.com/RBarkley8,https://en.wikipedia.org/wiki/Ross_Barkley
Simone Verdi,https://www.transfermarkt.it/simone-verdi/profil/spieler/130360,https://www.instagram.com/simoneverdi/,,,https://en.wikipedia.org/wiki/Simone_Verdi
Dennis Praet,https://www.transfermarkt.it/dennis-praet/profil/spieler/129588,https://www.instagram.com/dennispraet/?hl=it,https://www.facebook.com/PraetOfficial/,https://twitter.com/dennispraet,https://en.wikipedia.org/wiki/Dennis_Praet
Faouzi Ghoulam,https://www.transfermarkt.it/faouzi-ghoulam/profil/spieler/126656,https://www.instagram.com/ghoulam.faouzi/,,https://twitter.com/GhoulamFaouzi,https://en.wikipedia.org/wiki/Faouzi_Ghoulam
Matthias Ginter,https://www.transfermarkt.it/matthias-ginter/profil/spieler/124502,https://www.instagram.com/matzeginter28/,https://www.facebook.com/Matthias-Ginter-330661020292235,https://twitter.com/MatzeGinter,https://en.wikipedia.org/wiki/Matthias_Ginter
Emil Forsberg,https://www.transfermarkt.it/emil-forsberg/profil/spieler/111078,https://www.instagram.com/eforsberg10/,,https://twitter.com/eforsberg10,https://en.wikipedia.org/wiki/Emil_Forsberg
Marcel Sabitzer,https://www.transfermarkt.it/marcel-sabitzer/profil/spieler/106987,https://www.instagram.com/marcel7sabitzer/,https://www.facebook.com/Marcel-Sabitzer-387434237989111/,,https://en.wikipedia.org/wiki/Marcel_Sabitzer
Thorgan Hazard,https://www.transfermarkt.it/thorgan-hazard/profil/spieler/102226,https://www.instagram.com/thorgan10/,,https://twitter.com/HazardThorgan8,https://en.wikipedia.org/wiki/Thorgan_Hazard
Thomas Meunier,https://www.transfermarkt.it/thomas-meunier/profil/spieler/100986,https://www.instagram.com/thomas12meunier/,https://www.facebook.com/OfficialMeunier/,https://twitter.com/ThomMills,https://en.wikipedia.org/wiki/Thomas_Meunier
Shkodran Mustafi,https://www.transfermarkt.it/shkodran-mustafi/profil/spieler/88590,https://www.instagram.com/shkodranmustafi/,https://www.facebook.com/ShkodranMustafi/,https://twitter.com/MustafiOfficial,https://en.wikipedia.org/wiki/Shkodran_Mustafi
Sime Vrsaljko,https://www.transfermarkt.it/sime-vrsaljko/profil/spieler/76061,https://www.instagram.com/simevrsaljko2/,,https://twitter.com/Vrsaljko,https://en.wikipedia.org/wiki/Šime_Vrsaljko
Iago Aspas,https://www.transfermarkt.it/iago-aspas/profil/spieler/72047,https://www.instagram.com/i.aspas10/,,https://twitter.com/aspas10,https://en.wikipedia.org/wiki/Iago_Aspas
Vitolo,https://www.transfermarkt.it/vitolo/profil/spieler/67082,https://www.instagram.com/vitolomperez20/,https://www.facebook.com/VictorMachinOficial,https://twitter.com/VitoloMachin,https://en.wikipedia.org/wiki/Vitolo
Pedro,https://www.transfermarkt.it/pedro/profil/spieler/65278,https://www.instagram.com/_pedro17_/,https://www.facebook.com/Pedro11Oficial/,https://twitter.com/peter_fill,"https://en.wikipedia.org/wiki/Pedro_(footballer,_born_1987)"
Asier Illarramendi,https://www.transfermarkt.it/asier-illarramendi/profil/spieler/59344,https://www.instagram.com/illarra4/,https://www.facebook.com/illarra4/,https://twitter.com/illarra4,https://en.wikipedia.org/wiki/Asier_Illarramendi
Aleksandar Mitrovic,https://www.transfermarkt.it/aleksandar-mitrovic/profil/spieler/51152,https://www.instagram.com/aleksandar_mitrovic_45/,https://www.facebook.com/officialmitrogoal/,,https://en.wikipedia.org/wiki/Aleksandar_Mitrovic_(footballer)
David Luiz,https://www.transfermarkt.it/david-luiz/profil/spieler/46741,https://www.instagram.com/davidluiz_4/,https://www.facebook.com/DavidLuizOfficial,https://twitter.com/DavidLuiz_4,https://en.wikipedia.org/wiki/David_Luiz
Marko Arnautovic,https://www.transfermarkt.it/marko-arnautovic/profil/spieler/41384,https://www.instagram.com/m.arnautovic7/,https://www.facebook.com/MarkoArnautovicOfficialpage,,https://en.wikipedia.org/wiki/Marko_Arnautovic
Arturo Vidal,https://www.transfermarkt.it/arturo-vidal/profil/spieler/37666,https://www.instagram.com/kingarturo23oficial/,https://www.facebook.com/arturovidal8,https://twitter.com/kingarturo23,https://en.wikipedia.org/wiki/Arturo_Vidal
Sami Khedira,https://www.transfermarkt.it/sami-khedira/profil/spieler/29401,https://www.instagram.com/sami_khedira6/,https://www.facebook.com/samikhedira1987,https://twitter.com/SamiKhedira,https://en.wikipedia.org/wiki/Sami_Khedira
Edin Dzeko,https://www.transfermarkt.it/edin-dzeko/profil/spieler/28396,https://www.instagram.com/ed_dzeko/,https://www.facebook.com/edindzeko,https://twitter.com/EdDzeko,https://en.wikipedia.org/wiki/Edin_Džeko
Luka Modric,https://www.transfermarkt.it/luka-modric/profil/spieler/27992,https://www.instagram.com/lukamodric10/,https://www.facebook.com/ModricLuka10,https://twitter.com/lukamodric10,https://en.wikipedia.org/wiki/Luka_Modric
Cesc Fàbregas,https://www.transfermarkt.it/cesc-fabregas/profil/spieler/8806,https://www.instagram.com/cescf4bregas/,https://www.facebook.com/cescfabregas,https://twitter.com/cesc4official,https://en.wikipedia.org/wiki/Cesc_Fàbregas
Danilo Pereira,https://www.transfermarkt.it/danilo-pereira/profil/spieler/141050,https://www.instagram.com/iamdanilopereira/,,,https://en.wikipedia.org/wiki/Danilo_Pereira_(Portuguese_footballer)
José Callejón,https://www.transfermarkt.it/jose-callejon/profil/spieler/61253,https://www.instagram.com/jcallejon21,,https://twitter.com/J21Calleti,https://en.wikipedia.org/wiki/José_Callejón