,nome,instagram,urls,likes_avg
0,Kylian Mbappé,https://www.instagram.com/k.mbappe/,https://web.stagram.com/k.mbappe,1350438.8
1,Neymar,https://www.instagram.com/neymarjr,https://web.stagram.com/neymarjr,1570714.8
2,Lionel Messi,https://www.instagram.com/leomessi,https://web.stagram.com/leomessi,3483999.8
3,Mohamed Salah,https://www.instagram.com/mosalah/,https://web.stagram.com/mosalah,1260163.8
4,Harry Kane,https://www.instagram.com/harrykane/,https://web.stagram.com/harrykane,176495.6
5,Antoine Griezmann,https://www.instagram.com/antogriezmann/,https://web.stagram.com/antogriezmann,804463.4
6,Kevin De Bruyne,https://www.instagram.com/kevindebruyne/,https://web.stagram.com/kevindebruyne,326054.4
7,Philippe Coutinho,https://www.instagram.com/phil.coutinho/,https://web.stagram.com/phil.coutinho,1011744.0
8,Eden Hazard,https://www.instagram.com/hazardeden_10/,https://web.stagram.com/hazardeden_10,392957.2
9,Paulo Dybala,https://www.instagram.com/paulodybala/,https://web.stagram.com/paulodybala,1280171.0
10,Dele Alli,https://www.instagram.com/dele/,https://web.stagram.com/dele,210786.8
11,Romelu Lukaku,https://www.instagram.com/romelulukaku,https://web.stagram.com/romelulukaku,99904.2
12,Cristiano Ronaldo,https://www.instagram.com/cristiano,https://web.stagram.com/cristiano,4388353.8
13,Mauro Icardi,https://www.instagram.com/mauroicardi/,https://web.stagram.com/mauroicardi,113106.2
14,Marco Asensio,https://www.instagram.com/marcoasensio10/,https://web.stagram.com/marcoasensio10,496398.4
15,Sergej Milinkovic-Savic,https://www.instagram.com/sergej___21/,https://web.stagram.com/sergej___21,47958.9
16,Leroy Sané,https://www.instagram.com/leroysane19/,https://web.stagram.com/leroysane19,220848.9
17,Saúl Níguez,https://www.instagram.com/saulniguez/,https://web.stagram.com/saulniguez,55076.8
18,Raheem Sterling,https://www.instagram.com/sterling7/,https://web.stagram.com/sterling7,203524.4
19,Paul Pogba,https://www.instagram.com/paulpogba/,https://web.stagram.com/paulpogba,1256127.5
20,Isco,https://www.instagram.com/iscoalarcon/,https://web.stagram.com/iscoalarcon,604351.9
21,Gareth Bale,https://www.instagram.com/garethbale11,https://web.stagram.com/garethbale11,513341.5
22,Gabriel Jesus,https://www.instagram.com/dejesusoficial/,https://web.stagram.com/dejesusoficial,132277.3
23,Ousmane Dembélé,https://www.instagram.com/o.dembele7/,https://web.stagram.com/o.dembele7,499368.5
24,N'Golo Kanté,https://www.instagram.com/nglkante/,https://web.stagram.com/nglkante,562190.2
25,Raphaël Varane,https://www.instagram.com/raphaelvarane/,https://web.stagram.com/raphaelvarane,175770.6
26,Roberto Firmino,https://www.instagram.com/roberto_firmino/,https://web.stagram.com/roberto_firmino,384419.9
27,Jan Oblak,https://www.instagram.com/oblakjan/,https://web.stagram.com/oblakjan,81310.7
28,James Rodríguez,https://www.instagram.com/jamesrodriguez10/,https://web.stagram.com/jamesrodriguez10,1406475.3
29,Marc-André ter Stegen,https://www.instagram.com/mterstegen1,https://web.stagram.com/mterstegen1,321338.9
30,Christian Eriksen,https://www.instagram.com/chriseriksen8/,https://web.stagram.com/chriseriksen8,72236.2
31,Sergio Busquets,,,
32,Robert Lewandowski,https://www.instagram.com/_rl9/,https://web.stagram.com/_rl9,279147.2
33,Toni Kroos,https://www.instagram.com/toni.kr8s/,https://web.stagram.com/toni.kr8s,638051.0
34,Sergio Agüero,https://www.instagram.com/10aguerosergiokun/,https://web.stagram.com/10aguerosergiokun,252793.5
35,Pierre-Emerick Aubameyang,https://www.instagram.com/aubameyang97/,https://web.stagram.com/aubameyang97,266064.6
36,Thomas Lemar,https://www.instagram.com/thom_lemar27/,https://web.stagram.com/thom_lemar27,77563.5
37,Sadio Mané,https://www.instagram.com/sadiomaneofficiel/,https://web.stagram.com/sadiomaneofficiel,272329.8
38,Samuel Umtiti,https://www.instagram.com/samumtiti/,https://web.stagram.com/samumtiti,282891.8
39,Marco Verratti,https://www.instagram.com/marco_verratti92/,https://web.stagram.com/marco_verratti92,119613.3
40,Koke,https://www.instagram.com/koke6/,https://web.stagram.com/koke6,31600.5
41,Jordi Alba,https://www.instagram.com/JordiAlbaOficial#,https://web.stagram.com/JordiAlbaOficial#,172584.8
42,David de Gea,https://www.instagram.com/d_degeaofficial/,https://web.stagram.com/d_degeaofficial,381655.3
43,Marcelo,https://www.instagram.com/marcelotwelve/,https://web.stagram.com/marcelotwelve,727369.8
44,Luis Suárez,https://www.instagram.com/luissuarez9/,https://web.stagram.com/luissuarez9,526185.5
45,Miralem Pjanic,https://www.instagram.com/miralem_pjanic/,https://web.stagram.com/miralem_pjanic,189836.7
46,Ivan Rakitic,https://www.instagram.com/ivanrakitic/,https://web.stagram.com/ivanrakitic,311483.4
47,Casemiro,https://www.instagram.com/casemiro/,https://web.stagram.com/casemiro,262246.2
48,Naby Keïta,https://www.instagram.com/keitanabydeco/,https://web.stagram.com/keitanabydeco,97909.5
49,Marcus Rashford,https://www.instagram.com/marcusrashford/,https://web.stagram.com/marcusrashford,251412.2
50,Nabil Fekir,https://www.instagram.com/nabilfekir/,https://web.stagram.com/nabilfekir,94934.2
51,Lorenzo Insigne,https://www.instagram.com/lorinsigneofficial/,https://web.stagram.com/lorinsigneofficial,110741.5
52,Thibaut Courtois,https://www.instagram.com/thibautcourtois/,https://web.stagram.com/thibautcourtois,170586.2
53,Alexandre Lacazette,https://www.instagram.com/lacazettealex/,https://web.stagram.com/lacazettealex,182486.9
54,Bernardo Silva,https://www.instagram.com/bernardocarvalhosilva/,https://web.stagram.com/bernardocarvalhosilva,57591.2
55,Ederson,https://www.instagram.com/ederson93/,https://web.stagram.com/ederson93,76567.1
56,Anthony Martial,https://www.instagram.com/martial_9/,https://web.stagram.com/martial_9,372989.4
57,Riyad Mahrez,https://www.instagram.com/riyadmahrez26.7/,https://web.stagram.com/riyadmahrez26.7,228989.4
58,Timo Werner,https://www.instagram.com/timowerner/,https://web.stagram.com/timowerner,39447.1
59,Virgil van Dijk,https://www.instagram.com/virgilvandijk/,https://web.stagram.com/virgilvandijk,236103.5
60,Daniel Carvajal,https://www.instagram.com/dani.carvajal.2/,https://web.stagram.com/dani.carvajal.2,117677.3
61,Álvaro Morata,https://www.instagram.com/alvaromorata,https://web.stagram.com/alvaromorata,293953.1
62,Alisson,https://www.instagram.com/alissonbecker/,https://web.stagram.com/alissonbecker,218720.2
63,Jorginho,https://www.instagram.com/jorginhofrello/?hl=it,https://web.stagram.com/jorginhofrello,39095.5
64,Kalidou Koulibaly,https://www.instagram.com/kkoulibaly26/,https://web.stagram.com/kkoulibaly26,49435.2
65,Thiago,https://www.instagram.com/thiago6/,https://web.stagram.com/thiago6,128785.2
66,Edinson Cavani,https://www.instagram.com/cavaniofficial21/,https://web.stagram.com/cavaniofficial21,117515.0
67,Diego Costa,https://www.instagram.com/diego.costa/,https://web.stagram.com/diego.costa,145902.3
68,Kai Havertz,https://www.instagram.com/kaihavertz29/,https://web.stagram.com/kaihavertz29,21058.2
69,John Stones,https://www.instagram.com/johnstonesofficial/,https://web.stagram.com/johnstonesofficial,52937.1
70,Marquinhos,https://www.instagram.com/marquinhosm5/,https://web.stagram.com/marquinhosm5,79586.3
71,Joshua Kimmich,https://www.instagram.com/jok_32/,https://web.stagram.com/jok_32,138377.5
72,Sergi Roberto,https://www.instagram.com/sergiroberto/,https://web.stagram.com/sergiroberto,282920.4
73,Douglas Costa,https://www.instagram.com/douglascosta/,https://web.stagram.com/douglascosta,192367.4
74,Alexis Sánchez,https://www.instagram.com/alexis_officia1/,https://web.stagram.com/alexis_officia1,457390.8
75,Mats Hummels,https://www.instagram.com/aussenrist15/,https://web.stagram.com/aussenrist15,72780.1
76,Gonzalo Higuaín,https://www.instagram.com/ghiguain20_9,https://web.stagram.com/ghiguain20_9,240408.9
77,Arthur,https://www.instagram.com/arthurhmelo/,https://web.stagram.com/arthurhmelo,250567.2
78,Federico Chiesa,https://www.instagram.com/fedexchiesa/,https://web.stagram.com/fedexchiesa,39444.5
79,Matthijs de Ligt,https://www.instagram.com/mdeligt_/,https://web.stagram.com/mdeligt_,78713.1
80,Lucas Hernández,https://www.instagram.com/lucashernandez21/,https://web.stagram.com/lucashernandez21,133587.9
81,José Giménez,https://www.instagram.com/josemariagimenez/,https://web.stagram.com/josemariagimenez,36323.2
82,Kingsley Coman,https://www.instagram.com/king_coman/,https://web.stagram.com/king_coman,74336.5
83,Milan Skriniar,https://www.instagram.com/milanskriniar/,https://web.stagram.com/milanskriniar,74516.9
84,Kepa,https://www.instagram.com/kepaarrizabalaga/,https://web.stagram.com/kepaarrizabalaga,108973.8
85,Fred,https://www.instagram.com/fred08oficial/,https://web.stagram.com/fred08oficial,52596.4
86,Florian Thauvin,https://www.instagram.com/flotov/,https://web.stagram.com/flotov,79404.1
87,Adrien Rabiot,https://www.instagram.com/adrienrabiot_25/,https://web.stagram.com/adrienrabiot_25,31954.0
88,Aymeric Laporte,https://www.instagram.com/a.laporte/,https://web.stagram.com/a.laporte,30838.8
89,Niklas Süle,https://www.instagram.com/nsuele25/,https://web.stagram.com/nsuele25,44134.7
90,Rodrigo,https://www.instagram.com/rodrigom_91/,https://web.stagram.com/rodrigom_91,24242.8
91,Ciro Immobile,https://www.instagram.com/ciroimmobile17/,https://web.stagram.com/ciroimmobile17,60052.0
92,Kyle Walker,https://www.instagram.com/kylewalker2/,https://web.stagram.com/kylewalker2,68661.4
93,Heung-min Son,https://www.instagram.com/hm_son7/,https://web.stagram.com/hm_son7,342598.3
94,David Alaba,https://www.instagram.com/da_27/,https://web.stagram.com/da_27,87938.9
95,Thomas Müller,https://www.instagram.com/esmuellert/,https://web.stagram.com/esmuellert,101850.2
96,Willian,https://www.instagram.com/willianborges88/,https://web.stagram.com/willianborges88,81977.2
97,Jadon Sancho,https://www.instagram.com/sanchooo10/,https://web.stagram.com/sanchooo10,173910.3
98,Leon Bailey,https://www.instagram.com/leonbailey_9/,https://web.stagram.com/leonbailey_9,22918.7
99,Richarlison,https://www.instagram.com/richarlison/,https://web.stagram.com/richarlison,201611.4
100,Malcom,https://www.instagram.com/malcomoliveira_97/,https://web.stagram.com/malcomoliveira_97,167952.6
101,Christian Pulisic,https://www.instagram.com/cmpulisic/,https://web.stagram.com/cmpulisic,105144.2
102,Fabinho,https://www.instagram.com/fabinho/,https://web.stagram.com/fabinho,73856.0
103,Federico Bernardeschi,https://www.instagram.com/fbernardeschi/,https://web.stagram.com/fbernardeschi,116760.6
104,Corentin Tolisso,https://www.instagram.com/corentintolisso/,https://web.stagram.com/corentintolisso,135288.4
105,Julian Brandt,https://www.instagram.com/julianbrandt/,https://web.stagram.com/julianbrandt,43788.1
106,Harry Maguire,https://www.instagram.com/harrymaguire93/,https://web.stagram.com/harrymaguire93,60385.4
107,Memphis Depay,https://www.instagram.com/memphisdepay/,https://web.stagram.com/memphisdepay,267743.4
108,Benjamin Mendy,https://www.instagram.com/benmendy23/,https://web.stagram.com/benmendy23,107213.2
109,Marcos Alonso,https://www.instagram.com/marcosalonso28/,https://web.stagram.com/marcosalonso28,77930.2
110,Alex Sandro,https://www.instagram.com/alxsndro12/,https://web.stagram.com/alxsndro12,90102.4
111,Aaron Ramsey,https://www.instagram.com/aaronramsey/,https://web.stagram.com/aaronramsey,87672.3
112,Ángel Di María,https://www.instagram.com/angeldimariajm/,https://web.stagram.com/angeldimariajm,145454.8
113,Ivan Perisic,https://www.instagram.com/ivanperisic444/,https://web.stagram.com/ivanperisic444,96473.7
114,Mesut Özil,https://www.instagram.com/M10_OFFICIAL/,https://web.stagram.com/M10_OFFICIAL,411324.2
115,Gerard Piqué,https://www.instagram.com/3gerardpique/,https://web.stagram.com/3gerardpique,524972.1
116,Rodri,,,
117,Benjamin Pavard,https://www.instagram.com/benpavard21/,https://web.stagram.com/benpavard21,193630.5
118,Davinson Sánchez,https://www.instagram.com/daosanchez13/,https://web.stagram.com/daosanchez13,34491.0
119,Frenkie de Jong,https://www.instagram.com/frenkiedejong/,https://web.stagram.com/frenkiedejong,68773.1
120,Lucas Torreira,https://www.instagram.com/ltorreira34/,https://web.stagram.com/ltorreira34,137804.3
121,Hirving Lozano,https://www.instagram.com/hirvinglozano/,https://web.stagram.com/hirvinglozano,192438.8
122,Gianluigi Donnarumma,https://www.instagram.com/gigiodonna99/,https://web.stagram.com/gigiodonna99,63781.1
123,Rúben Neves,https://www.instagram.com/rubendsneves/,https://web.stagram.com/rubendsneves,24982.2
124,Gonçalo Guedes,https://www.instagram.com/goncaloguedes15/,https://web.stagram.com/goncaloguedes15,32234.3
125,Alessio Romagnoli,https://www.instagram.com/alessio.romagnoli/,https://web.stagram.com/alessio.romagnoli,81549.9
126,Andreas Christensen,https://www.instagram.com/andreaschristensen3/,https://web.stagram.com/andreaschristensen3,35742.0
127,Jonathan Tah,https://www.instagram.com/jonathantah_/,https://web.stagram.com/jonathantah_,5527.2
128,Héctor Bellerín,https://www.instagram.com/hectorbellerin/,https://web.stagram.com/hectorbellerin,161652.5
129,Clément Lenglet,https://www.instagram.com/clement_lenglet/,https://web.stagram.com/clement_lenglet,109347.8
130,João Cancelo,https://www.instagram.com/jpcancelo/,https://web.stagram.com/jpcancelo,171117.2
131,Piotr Zielinski,https://www.instagram.com/zielu_94,https://web.stagram.com/zielu_94,33504.0
132,Michy Batshuayi,https://www.instagram.com/mbatshuayi/,https://web.stagram.com/mbatshuayi,82214.8
133,Eric Dier,https://www.instagram.com/ericdier15/,https://web.stagram.com/ericdier15,34933.9
134,Marcelo Brozovic,https://www.instagram.com/marcelo_brozovic/,https://web.stagram.com/marcelo_brozovic,57963.0
135,Leon Goretzka,https://www.instagram.com/leon_goretzka,https://web.stagram.com/leon_goretzka,74519.7
136,Alex Oxlade-Chamberlain,https://www.instagram.com/alexoxchamberlain/,https://web.stagram.com/alexoxchamberlain,149718.8
137,Jesse Lingard,https://www.instagram.com/jesselingard/,https://web.stagram.com/jesselingard,377023.4
138,Allan,https://www.instagram.com/allanmarques91/,https://web.stagram.com/allanmarques91,48387.7
139,Suso,https://www.instagram.com/suso/,https://web.stagram.com/suso,77331.7
140,Granit Xhaka,https://www.instagram.com/granitxhaka/,https://web.stagram.com/granitxhaka,112283.8
141,Stefan de Vrij,https://www.instagram.com/Stefandevrij/,https://web.stagram.com/Stefandevrij,43183.5
142,Stefan Savic,https://www.instagram.com/savkee15/,https://web.stagram.com/savkee15,12078.2
143,Konstantinos Manolas,https://www.instagram.com/kostasmanolas44/,https://web.stagram.com/kostasmanolas44,51690.2
144,Antonio Rüdiger,https://www.instagram.com/toniruediger/,https://web.stagram.com/toniruediger,48930.9
145,Nemanja Matic,https://www.instagram.com/nemanjamatic/,https://web.stagram.com/nemanjamatic,96524.5
146,César Azpilicueta,https://www.instagram.com/cesarazpi/,https://web.stagram.com/cesarazpi,66756.6
147,Ilkay Gündogan,https://www.instagram.com/ilkayguendogan/,https://web.stagram.com/ilkayguendogan,35939.9
148,Georginio Wijnaldum,https://www.instagram.com/gwijnaldum/,https://web.stagram.com/gwijnaldum,75347.7
149,Javi Martínez,https://www.instagram.com/javi8martinez,https://web.stagram.com/javi8martinez,27783.8
150,Toby Alderweireld,https://www.instagram.com/tobyalderweireld/,https://web.stagram.com/tobyalderweireld,25214.9
151,Radja Nainggolan,https://www.instagram.com/radja_nainggolan_l4/,https://web.stagram.com/radja_nainggolan_l4,211375.4
152,Marco Reus,https://www.instagram.com/marcinho11/,https://web.stagram.com/marcinho11,358456.4
153,Jérôme Boateng,https://www.instagram.com/jeromeboateng,https://web.stagram.com/jeromeboateng,68551.8
154,Sergio Ramos,https://www.instagram.com/sergioramos/,https://web.stagram.com/sergioramos,543857.4
155,Karim Benzema,https://www.instagram.com/karimbenzema/,https://web.stagram.com/karimbenzema,308339.8
156,Paulinho,https://www.instagram.com/paulinhop8/,https://web.stagram.com/paulinhop8,60189.0
157,Tanguy Ndombélé,https://www.instagram.com/ndombele_22/,https://web.stagram.com/ndombele_22,20863.2
158,Houssem Aouar,https://www.instagram.com/houssem_aouar/,https://web.stagram.com/houssem_aouar,24540.2
159,Ryan Sessegnon,https://www.instagram.com/ryansess/,https://web.stagram.com/ryansess,17616.5
160,Vinícius Júnior,https://www.instagram.com/viniciusjunior/,https://web.stagram.com/viniciusjunior,596744.2
161,Mikel Oyarzabal,https://www.instagram.com/mikel10oyar/,https://web.stagram.com/mikel10oyar,6284.8
162,Trent Alexander-Arnold,https://www.instagram.com/trentarnold66/,https://web.stagram.com/trentarnold66,144142.4
163,Franck Kessié,https://www.instagram.com/franckkessie/,https://web.stagram.com/franckkessie,46975.9
164,Wilfred Ndidi,https://www.instagram.com/ndidi25/,https://web.stagram.com/ndidi25,25495.8
165,Andrew Robertson,https://www.instagram.com/andyrobertson94/,https://web.stagram.com/andyrobertson94,112468.0
166,Thomas,https://www.instagram.com/thomaspartey5/,https://web.stagram.com/thomaspartey5,19520.4
167,José Gayà,https://www.instagram.com/jose_gaya/,https://web.stagram.com/jose_gaya,13370.2
168,Tiemoué Bakayoko,https://www.instagram.com/bakayoko_official14/,https://web.stagram.com/bakayoko_official14,70384.2
169,Andrea Belotti,https://www.instagram.com/gallobelotti/,https://web.stagram.com/gallobelotti,42180.4
170,Felipe Anderson,https://www.instagram.com/f_andersoon/,https://web.stagram.com/f_andersoon,23575.8
171,Jordan Pickford,https://www.instagram.com/jpickford1/,https://web.stagram.com/jpickford1,92960.9
172,Luis Alberto,https://www.instagram.com/10_luisalberto/,https://web.stagram.com/10_luisalberto,11150.3
173,Kieran Trippier,https://www.instagram.com/ktrippier2/,https://web.stagram.com/ktrippier2,58606.2
174,Pablo Sarabia,https://www.instagram.com/pablosarabia92/,https://web.stagram.com/pablosarabia92,9065.3
175,Nacho Fernández,https://www.instagram.com/nachofdez90/,https://web.stagram.com/nachofdez90,95635.4
176,Henrikh Mkhitaryan,https://www.instagram.com/micki_taryan/,https://web.stagram.com/micki_taryan,71551.3
177,Nicolás Otamendi,https://www.instagram.com/nicolasotamendi30/,https://web.stagram.com/nicolasotamendi30,37911.2
178,Andrej Kramaric,https://www.instagram.com/andrejkramaric/,https://web.stagram.com/andrejkramaric,27831.2
179,Leonardo Bonucci,https://www.instagram.com/bonuccileo19/,https://web.stagram.com/bonuccileo19,111790.2
180,Manuel Akanji,https://www.instagram.com/obafemi_36/,https://web.stagram.com/obafemi_36,16635.0
181,Iñigo Martínez,https://www.instagram.com/inigomartinez/,https://web.stagram.com/inigomartinez,5937.9
182,Lucas Moura,https://www.instagram.com/lucasmoura7/,https://web.stagram.com/lucasmoura7,101846.0
183,Jan Vertonghen,https://www.instagram.com/jvertonghen/,https://web.stagram.com/jvertonghen,31119.2
184,Maximiliano Gómez,https://www.instagram.com/maxi_gomez9/,https://web.stagram.com/maxi_gomez9,6231.6
185,Carlos Soler,https://www.instagram.com/carlos10soler/,https://web.stagram.com/carlos10soler,12062.7
186,Giovani Lo Celso,https://www.instagram.com/locelsogiovani/,https://web.stagram.com/locelsogiovani,81500.6
187,Dayot Upamecano,https://www.instagram.com/upamecano_5/,https://web.stagram.com/upamecano_5,3259.8
188,Yerry Mina,https://www.instagram.com/yerrymina/,https://web.stagram.com/yerrymina,130064.3
189,Eric Bailly,https://www.instagram.com/ericbailly24/,https://web.stagram.com/ericbailly24,87028.4
190,Presnel Kimpembe,https://www.instagram.com/kimpembe3/,https://web.stagram.com/kimpembe3,129412.9
191,Álvaro Odriozola,https://www.instagram.com/alvaroodriozola/,https://web.stagram.com/alvaroodriozola,63531.3
192,Ángel Correa,https://www.instagram.com/angelcorrea32/,https://web.stagram.com/angelcorrea32,22471.5
193,Aleksandr Golovin,https://www.instagram.com/alex_golovin17/,https://web.stagram.com/alex_golovin17,78247.6
194,Gelson Martins,https://www.instagram.com/gelsondany77/,https://web.stagram.com/gelsondany77,14241.6
195,Nicolò Barella,https://www.instagram.com/nicolo_barella/,https://web.stagram.com/nicolo_barella,14677.3
196,Iñaki Williams,https://www.instagram.com/williaaaams11/,https://web.stagram.com/williaaaams11,11870.1
197,Keita Baldé,https://www.instagram.com/keitabaldeofficial/,https://web.stagram.com/keitabaldeofficial,40083.8
198,Nélson Semedo,https://www.instagram.com/nelsonsemedo50/,https://web.stagram.com/nelsonsemedo50,89683.6
199,Thilo Kehrer,https://www.instagram.com/thilokehrer/,https://web.stagram.com/thilokehrer,36391.8
200,Hakim Ziyech,https://www.instagram.com/hziyech/,https://web.stagram.com/hziyech,103945.9
201,André Silva,https://www.instagram.com/andresilva9/,https://web.stagram.com/andresilva9,124646.2
202,Ante Rebic,https://www.instagram.com/anterebic/,https://web.stagram.com/anterebic,69237.3
203,Jean Michaël Seri,https://www.instagram.com/mika_seri6/,https://web.stagram.com/mika_seri6,7657.1
204,Serge Gnabry,https://www.instagram.com/sergegnabry#,https://web.stagram.com/sergegnabry#,35045.4
205,Wissam Ben Yedder,https://www.instagram.com/wissbenyedder/,https://web.stagram.com/wissbenyedder,15233.7
206,Wilfried Zaha,https://www.instagram.com/wilfriedzaha/,https://web.stagram.com/wilfriedzaha,20691.9
207,Alessandro Florenzi,https://www.instagram.com/florenzipertelethon/,https://web.stagram.com/florenzipertelethon,57079.2
208,Geoffrey Kondogbia,https://www.instagram.com/geoffreykondogbia/,https://web.stagram.com/geoffreykondogbia,15472.5
209,Paco Alcácer,https://www.instagram.com/paco93alcacer/,https://web.stagram.com/paco93alcacer,178472.4
210,Willian José,https://www.instagram.com/willianjose/,https://web.stagram.com/willianjose,4067.9
211,Emre Can,https://www.instagram.com/ec2323/,https://web.stagram.com/ec2323,127806.4
212,Ander Herrera,https://www.instagram.com/anderherrera/,https://web.stagram.com/anderherrera,87623.5
213,Gylfi Sigurdsson,https://www.instagram.com/gylfisig23/,https://web.stagram.com/gylfisig23,17965.4
214,Julian Draxler,https://www.instagram.com/draxlerofficial/,https://web.stagram.com/draxlerofficial,127197.6
215,Victor Wanyama,https://www.instagram.com/victorwanyama/,https://web.stagram.com/victorwanyama,18824.6
216,Stodd Nzonzi,https://www.instagram.com/iamnzonzi15/,https://web.stagram.com/iamnzonzi15,51631.8
217,Dries Mertens,https://www.instagram.com/driesmertens,https://web.stagram.com/driesmertens,132070.8
218,Diego Godín,https://www.instagram.com/diegogodin/,https://web.stagram.com/diegogodin,37271.2
219,Mateo Kovacic,https://www.instagram.com/mateokovacic8/,https://web.stagram.com/mateokovacic8,164007.0
220,Danny Rose,,,
221,Juan Mata,https://www.instagram.com/juanmatagarcia,https://web.stagram.com/juanmatagarcia,120868.2
222,Marek Hamsik,https://www.instagram.com/marek_hamsik_17_official/,https://web.stagram.com/marek_hamsik_17_official,48392.8
223,David Silva,https://www.instagram.com/david21lva/,https://web.stagram.com/david21lva,59564.8
224,Axel Witsel,https://www.instagram.com/axelwitsel28,https://web.stagram.com/axelwitsel28,48131.8
225,Blaise Matuidi,https://www.instagram.com/blaisematuidiofficiel/,https://web.stagram.com/blaisematuidiofficiel,99739.7
226,Hugo Lloris,https://www.instagram.com/iamhugolloris/,https://web.stagram.com/iamhugolloris,189667.9
227,Manuel Neuer,https://www.instagram.com/manuelneuer/,https://web.stagram.com/manuelneuer,185831.7
228,James Maddison,https://www.instagram.com/madders/,https://web.stagram.com/madders,27659.8
229,Lorenzo Pellegrini,https://www.instagram.com/lorepelle7/,https://web.stagram.com/lorepelle7,21918.2
230,Rúben Dias,https://www.instagram.com/rubendias/,https://web.stagram.com/rubendias,15664.4
231,Joe Gomez,https://www.instagram.com/joegomez5/,https://web.stagram.com/joegomez5,71070.8
232,Rony Lopes,https://www.instagram.com/ronylopes10/,https://web.stagram.com/ronylopes10,3932.4
233,Alassane Plea,https://www.instagram.com/alasplea/,https://web.stagram.com/alasplea,16205.5
234,Rafinha,https://www.instagram.com/rafinhaaa93/,https://web.stagram.com/rafinhaaa93,126213.4
235,Juan Cuadrado,https://www.instagram.com/cuadrado/,https://web.stagram.com/cuadrado,181269.1
236,Oscar,https://www.instagram.com/oscar_emboaba/,https://web.stagram.com/oscar_emboaba,33853.0
237,Kevin Strootman,https://www.instagram.com/kevinstrootman/,https://web.stagram.com/kevinstrootman,21236.8
238,Jordan Henderson,https://www.instagram.com/jhenderson/,https://web.stagram.com/jhenderson,86238.1
239,Cengiz Ünder,https://www.instagram.com/cengizunder,https://web.stagram.com/cengizunder,139861.8
240,Hakan Calhanoglu,https://www.instagram.com/hakancalhanoglu,https://web.stagram.com/hakancalhanoglu,125490.2
241,Bruno Fernandes,https://www.instagram.com/brunofernandes.10/,https://web.stagram.com/brunofernandes.10,20362.6
242,Yacine Brahimi,https://www.instagram.com/brahimiofficiel/,https://web.stagram.com/brahimiofficiel,35933.0
243,David Neres,https://www.instagram.com/davidneres/,https://web.stagram.com/davidneres,45567.8
244,Paulinho,https://www.instagram.com/paulinhoph7/,https://web.stagram.com/paulinhoph7,49090.5
245,Santiago Ascacíbar,https://www.instagram.com/santiascacibar97/,https://web.stagram.com/santiascacibar97,9075.9
246,Nikola Milenkovic,https://www.instagram.com/milenkovicn_4/,https://web.stagram.com/milenkovicn_4,8174.7
247,Lautaro Martínez,https://www.instagram.com/lautaromartinezz10/,https://web.stagram.com/lautaromartinezz10,149064.1
248,Amine Harit,https://www.instagram.com/a.harit14/,https://web.stagram.com/a.harit14,59124.7
249,Pablo Fornals,https://www.instagram.com/pablofornals/,https://web.stagram.com/pablofornals,4215.8
250,André Zambo Anguissa,https://www.instagram.com/anguiss_29/,https://web.stagram.com/anguiss_29,10035.8
251,Lucas Tousart,https://www.instagram.com/lucas_tousart/,https://web.stagram.com/lucas_tousart,7905.9
252,Fabián Ruiz,https://www.instagram.com/fabianruiz52/,https://web.stagram.com/fabianruiz52,33354.7
253,Nicolas Pépé,https://www.instagram.com/nicolas.pepe19/,https://web.stagram.com/nicolas.pepe19,9514.4
254,Moussa Marega,https://www.instagram.com/marega11/,https://web.stagram.com/marega11,16884.0
255,Giovanni Simeone,https://www.instagram.com/simeonegiovanni/,https://web.stagram.com/simeonegiovanni,22327.8
256,Jean-Kévin Augustin,https://www.instagram.com/augustin_29/,https://web.stagram.com/augustin_29,4750.5
257,Jefferson Lerma,https://www.instagram.com/jeffersonlerma/,https://web.stagram.com/jeffersonlerma,3562.2
258,Talisca,https://www.instagram.com/andersontalisca/,https://web.stagram.com/andersontalisca,17370.7
259,Alex Telles,https://www.instagram.com/alextelles13,https://web.stagram.com/alextelles13,18682.8
260,Abdou Diallo,,,
261,Wendell,https://www.instagram.com/wendellborges18/,https://web.stagram.com/wendellborges18,2855.2
262,Lucas Vázquez,https://www.instagram.com/lucasvazquez91/,https://web.stagram.com/lucasvazquez91,200357.9
263,Elseid Hysaj,https://www.instagram.com/elsihysaj/,https://web.stagram.com/elsihysaj,14667.1
264,Bryan Cristante,https://www.instagram.com/bryancristante/,https://web.stagram.com/bryancristante,22178.6
265,Mattia Caldara,https://www.instagram.com/mattiacaldara/,https://web.stagram.com/mattiacaldara,56902.9
266,Julian Weigl,https://www.instagram.com/juweigl/,https://web.stagram.com/juweigl,21727.4
267,Alejandro Grimaldo,https://www.instagram.com/grimaldo35/,https://web.stagram.com/grimaldo35,15999.2
268,Ben Davies,https://www.instagram.com/bendavies33/,https://web.stagram.com/bendavies33,13192.8
269,Stanislav Lobotka,https://www.instagram.com/stanleylobotka37/,https://web.stagram.com/stanleylobotka37,3499.8
270,Victor Lindelöf,https://www.instagram.com/victorlindelof/,https://web.stagram.com/victorlindelof,129585.7
271,Jean-Philippe Gbamin,https://www.instagram.com/jpgbamin25/,https://web.stagram.com/jpgbamin25,2174.5
272,Nathan Aké,https://www.instagram.com/nathanake/,https://web.stagram.com/nathanake,13990.4
273,Matteo Politano,https://www.instagram.com/matteo_poli7/,https://web.stagram.com/matteo_poli7,57867.5
274,Matías Vecino,https://www.instagram.com/vecino/,https://web.stagram.com/vecino,34086.8
275,Ross Barkley,https://www.instagram.com/rossbarkley/,https://web.stagram.com/rossbarkley,61834.6
276,Simone Verdi,https://www.instagram.com/simoneverdi/,https://web.stagram.com/simoneverdi,22453.5
277,Dennis Praet,https://www.instagram.com/dennispraet/?hl=it,https://web.stagram.com/dennispraet,6052.6
278,Faouzi Ghoulam,https://www.instagram.com/ghoulam.faouzi/,https://web.stagram.com/ghoulam.faouzi,37448.7
279,Matthias Ginter,https://www.instagram.com/matzeginter28/,https://web.stagram.com/matzeginter28,12331.9
280,Emil Forsberg,https://www.instagram.com/eforsberg10/,https://web.stagram.com/eforsberg10,18562.1
281,Marcel Sabitzer,https://www.instagram.com/marcel7sabitzer/,https://web.stagram.com/marcel7sabitzer,7847.6
282,Thorgan Hazard,https://www.instagram.com/thorgan10/,https://web.stagram.com/thorgan10,51147.8
283,Thomas Meunier,https://www.instagram.com/thomas12meunier/,https://web.stagram.com/thomas12meunier,20003.8
284,Shkodran Mustafi,https://www.instagram.com/shkodranmustafi/,https://web.stagram.com/shkodranmustafi,80274.5
285,Sime Vrsaljko,https://www.instagram.com/simevrsaljko2/,https://web.stagram.com/simevrsaljko2,117498.4
286,Iago Aspas,https://www.instagram.com/i.aspas10/,https://web.stagram.com/i.aspas10,14715.7
287,Vitolo,https://www.instagram.com/vitolomperez20/,https://web.stagram.com/vitolomperez20,12210.8
288,Pedro,https://www.instagram.com/_pedro17_/,https://web.stagram.com/_pedro17_,63950.7
289,Asier Illarramendi,https://www.instagram.com/illarra4/,https://web.stagram.com/illarra4,3574.6
290,Aleksandar Mitrovic,https://www.instagram.com/aleksandar_mitrovic_45/,https://web.stagram.com/aleksandar_mitrovic_45,15284.2
291,David Luiz,https://www.instagram.com/davidluiz_4/,https://web.stagram.com/davidluiz_4,138042.2
292,Marko Arnautovic,https://www.instagram.com/m.arnautovic7/,https://web.stagram.com/m.arnautovic7,22564.2
293,Arturo Vidal,https://www.instagram.com/kingarturo23oficial/,https://web.stagram.com/kingarturo23oficial,285384.1
294,Sami Khedira,https://www.instagram.com/sami_khedira6/,https://web.stagram.com/sami_khedira6,109272.0
295,Edin Dzeko,https://www.instagram.com/ed_dzeko/,https://web.stagram.com/ed_dzeko,62032.6
296,Luka Modric,https://www.instagram.com/lukamodric10/,https://web.stagram.com/lukamodric10,1060361.3
297,Cesc Fàbregas,https://www.instagram.com/cescf4bregas/,https://web.stagram.com/cescf4bregas,136255.4
298,Danilo Pereira,https://www.instagram.com/iamdanilopereira/,https://web.stagram.com/iamdanilopereira,16652.4
299,José Callejón,https://www.instagram.com/jcallejon21,https://web.stagram.com/jcallejon21,23011.8
