nome,wiki,urls,wiki_visual,wiki_avg
Kylian Mbappé,https://en.wikipedia.org/wiki/Kylian_Mbappé,https://tools.wmflabs.org/pageviews/?project=en.wikipedia.org&platform=all-access&agent=user&start=2018-01-01&end=2018-12-20&pages=Kylian_Mbappé,6854994,19364
Neymar,https://en.wikipedia.org/wiki/Neymar,https://tools.wmflabs.org/pageviews/?project=en.wikipedia.org&platform=all-access&agent=user&start=2018-01-01&end=2018-12-20&pages=Neymar,6094579,17216
Lionel Messi,https://en.wikipedia.org/wiki/Lionel_Messi,https://tools.wmflabs.org/pageviews/?project=en.wikipedia.org&platform=all-access&agent=user&start=2018-01-01&end=2018-12-20&pages=Lionel_Messi,11563642,32666
Mohamed Salah,https://en.wikipedia.org/wiki/Mohamed_Salah,https://tools.wmflabs.org/pageviews/?project=en.wikipedia.org&platform=all-access&agent=user&start=2018-01-01&end=2018-12-20&pages=Mohamed_Salah,6538061,18469
Harry Kane,https://en.wikipedia.org/wiki/Harry_Kane,https://tools.wmflabs.org/pageviews/?project=en.wikipedia.org&platform=all-access&agent=user&start=2018-01-01&end=2018-12-20&pages=Harry_Kane,5013018,14161
Antoine Griezmann,https://en.wikipedia.org/wiki/Antoine_Griezmann,https://tools.wmflabs.org/pageviews/?project=en.wikipedia.org&platform=all-access&agent=user&start=2018-01-01&end=2018-12-20&pages=Antoine_Griezmann,3221342,9100
Kevin De Bruyne,https://en.wikipedia.org/wiki/Kevin_De_Bruyne,https://tools.wmflabs.org/pageviews/?project=en.wikipedia.org&platform=all-access&agent=user&start=2018-01-01&end=2018-12-20&pages=Kevin_De_Bruyne,1644090,4644
Philippe Coutinho,https://en.wikipedia.org/wiki/Philippe_Coutinho,https://tools.wmflabs.org/pageviews/?project=en.wikipedia.org&platform=all-access&agent=user&start=2018-01-01&end=2018-12-20&pages=Philippe_Coutinho,2619788,7401
Eden Hazard,https://en.wikipedia.org/wiki/Eden_Hazard,https://tools.wmflabs.org/pageviews/?project=en.wikipedia.org&platform=all-access&agent=user&start=2018-01-01&end=2018-12-20&pages=Eden_Hazard,3049334,8614
Paulo Dybala,https://en.wikipedia.org/wiki/Paulo_Dybala,https://tools.wmflabs.org/pageviews/?project=en.wikipedia.org&platform=all-access&agent=user&start=2018-01-01&end=2018-12-20&pages=Paulo_Dybala,1678324,4741
Dele Alli,https://en.wikipedia.org/wiki/Dele_Alli,https://tools.wmflabs.org/pageviews/?project=en.wikipedia.org&platform=all-access&agent=user&start=2018-01-01&end=2018-12-20&pages=Dele_Alli,2151683,6078
Romelu Lukaku,https://en.wikipedia.org/wiki/Romelu_Lukaku,https://tools.wmflabs.org/pageviews/?project=en.wikipedia.org&platform=all-access&agent=user&start=2018-01-01&end=2018-12-20&pages=Romelu_Lukaku,3158916,8923
Cristiano Ronaldo,https://en.wikipedia.org/wiki/Cristiano_Ronaldo,https://tools.wmflabs.org/pageviews/?project=en.wikipedia.org&platform=all-access&agent=user&start=2018-01-01&end=2018-12-20&pages=Cristiano_Ronaldo,17665708,49903
Mauro Icardi,https://en.wikipedia.org/wiki/Mauro_Icardi,https://tools.wmflabs.org/pageviews/?project=en.wikipedia.org&platform=all-access&agent=user&start=2018-01-01&end=2018-12-20&pages=Mauro_Icardi,1254845,3545
Marco Asensio,https://en.wikipedia.org/wiki/Marco_Asensio,https://tools.wmflabs.org/pageviews/?project=en.wikipedia.org&platform=all-access&agent=user&start=2018-01-01&end=2018-12-20&pages=Marco_Asensio,909318,2569
Sergej Milinkovic-Savic,https://en.wikipedia.org/wiki/Sergej_Milinkovi%C4%87-Savi%C4%87,https://tools.wmflabs.org/pageviews/?project=en.wikipedia.org&platform=all-access&agent=user&start=2018-01-01&end=2018-12-20&pages=Sergej_Milinkovi%C4%87-Savi%C4%87,1354,4
Leroy Sané,https://en.wikipedia.org/wiki/Leroy_Sané,https://tools.wmflabs.org/pageviews/?project=en.wikipedia.org&platform=all-access&agent=user&start=2018-01-01&end=2018-12-20&pages=Leroy_Sané,1327453,3750
Saúl Níguez,https://en.wikipedia.org/wiki/Saúl_Ñíguez,https://tools.wmflabs.org/pageviews/?project=en.wikipedia.org&platform=all-access&agent=user&start=2018-01-01&end=2018-12-20&pages=Saúl_Ñíguez,256116,723
Raheem Sterling,https://en.wikipedia.org/wiki/Raheem_Sterling,https://tools.wmflabs.org/pageviews/?project=en.wikipedia.org&platform=all-access&agent=user&start=2018-01-01&end=2018-12-20&pages=Raheem_Sterling,1802004,5090
Paul Pogba,https://en.wikipedia.org/wiki/Paul_Pogba,https://tools.wmflabs.org/pageviews/?project=en.wikipedia.org&platform=all-access&agent=user&start=2018-01-01&end=2018-12-20&pages=Paul_Pogba,3260924,9212
Isco,https://en.wikipedia.org/wiki/Isco,https://tools.wmflabs.org/pageviews/?project=en.wikipedia.org&platform=all-access&agent=user&start=2018-01-01&end=2018-12-20&pages=Isco,861079,2432
Gareth Bale,https://en.wikipedia.org/wiki/Gareth_Bale,https://tools.wmflabs.org/pageviews/?project=en.wikipedia.org&platform=all-access&agent=user&start=2018-01-01&end=2018-12-20&pages=Gareth_Bale,2500865,7065
Gabriel Jesus,https://en.wikipedia.org/wiki/Gabriel_Jesus,https://tools.wmflabs.org/pageviews/?project=en.wikipedia.org&platform=all-access&agent=user&start=2018-01-01&end=2018-12-20&pages=Gabriel_Jesus,973297,2749
Ousmane Dembélé,https://en.wikipedia.org/wiki/Ousmane_Dembélé,https://tools.wmflabs.org/pageviews/?project=en.wikipedia.org&platform=all-access&agent=user&start=2018-01-01&end=2018-12-20&pages=Ousmane_Dembélé,1613331,4557
N'Golo Kanté,https://en.wikipedia.org/wiki/N%27Golo_Kanté,https://tools.wmflabs.org/pageviews/?project=en.wikipedia.org&platform=all-access&agent=user&start=2018-01-01&end=2018-12-20&pages=N%27Golo_Kanté,1684661,4759
Raphaël Varane,https://en.wikipedia.org/wiki/Raphaël_Varane,https://tools.wmflabs.org/pageviews/?project=en.wikipedia.org&platform=all-access&agent=user&start=2018-01-01&end=2018-12-20&pages=Raphaël_Varane,962325,2718
Roberto Firmino,https://en.wikipedia.org/wiki/Roberto_Firmino,https://tools.wmflabs.org/pageviews/?project=en.wikipedia.org&platform=all-access&agent=user&start=2018-01-01&end=2018-12-20&pages=Roberto_Firmino,1437252,4060
Jan Oblak,https://en.wikipedia.org/wiki/Jan_Oblak,https://tools.wmflabs.org/pageviews/?project=en.wikipedia.org&platform=all-access&agent=user&start=2018-01-01&end=2018-12-20&pages=Jan_Oblak,487695,1378
James Rodríguez,https://en.wikipedia.org/wiki/James_Rodríguez,https://tools.wmflabs.org/pageviews/?project=en.wikipedia.org&platform=all-access&agent=user&start=2018-01-01&end=2018-12-20&pages=James_Rodríguez,1981170,5597
Marc-André ter Stegen,https://en.wikipedia.org/wiki/Marc-André_ter_Stegen,https://tools.wmflabs.org/pageviews/?project=en.wikipedia.org&platform=all-access&agent=user&start=2018-01-01&end=2018-12-20&pages=Marc-André_ter_Stegen,585052,1653
Christian Eriksen,https://en.wikipedia.org/wiki/Christian_Eriksen,https://tools.wmflabs.org/pageviews/?project=en.wikipedia.org&platform=all-access&agent=user&start=2018-01-01&end=2018-12-20&pages=Christian_Eriksen,643342,1817
Sergio Busquets,https://en.wikipedia.org/wiki/Sergio_Busquets,https://tools.wmflabs.org/pageviews/?project=en.wikipedia.org&platform=all-access&agent=user&start=2018-01-01&end=2018-12-20&pages=Sergio_Busquets,587718,1660
Robert Lewandowski,https://en.wikipedia.org/wiki/Robert_Lewandowski,https://tools.wmflabs.org/pageviews/?project=en.wikipedia.org&platform=all-access&agent=user&start=2018-01-01&end=2018-12-20&pages=Robert_Lewandowski,1466554,4143
Toni Kroos,https://en.wikipedia.org/wiki/Toni_Kroos,https://tools.wmflabs.org/pageviews/?project=en.wikipedia.org&platform=all-access&agent=user&start=2018-01-01&end=2018-12-20&pages=Toni_Kroos,1216986,3438
Sergio Agüero,https://en.wikipedia.org/wiki/Sergio_Agüero,https://tools.wmflabs.org/pageviews/?project=en.wikipedia.org&platform=all-access&agent=user&start=2018-01-01&end=2018-12-20&pages=Sergio_Agüero,1732784,4895
Pierre-Emerick Aubameyang,https://en.wikipedia.org/wiki/Pierre-Emerick_Aubameyang,https://tools.wmflabs.org/pageviews/?project=en.wikipedia.org&platform=all-access&agent=user&start=2018-01-01&end=2018-12-20&pages=Pierre-Emerick_Aubameyang,2342493,6617
Thomas Lemar,https://en.wikipedia.org/wiki/Thomas_Lemar,https://tools.wmflabs.org/pageviews/?project=en.wikipedia.org&platform=all-access&agent=user&start=2018-01-01&end=2018-12-20&pages=Thomas_Lemar,669227,1890
Sadio Mané,https://en.wikipedia.org/wiki/Sadio_Mané,https://tools.wmflabs.org/pageviews/?project=en.wikipedia.org&platform=all-access&agent=user&start=2018-01-01&end=2018-12-20&pages=Sadio_Mané,1472483,4160
Samuel Umtiti,https://en.wikipedia.org/wiki/Samuel_Umtiti,https://tools.wmflabs.org/pageviews/?project=en.wikipedia.org&platform=all-access&agent=user&start=2018-01-01&end=2018-12-20&pages=Samuel_Umtiti,942965,2664
Marco Verratti,https://en.wikipedia.org/wiki/Marco_Verratti,https://tools.wmflabs.org/pageviews/?project=en.wikipedia.org&platform=all-access&agent=user&start=2018-01-01&end=2018-12-20&pages=Marco_Verratti,345301,975
Koke,"https://en.wikipedia.org/wiki/Koke_(footballer,_born_1992)","https://tools.wmflabs.org/pageviews/?project=en.wikipedia.org&platform=all-access&agent=user&start=2018-01-01&end=2018-12-20&pages=Koke_(footballer,_born_1992)",258587,730
Jordi Alba,https://en.wikipedia.org/wiki/Jordi_Alba,https://tools.wmflabs.org/pageviews/?project=en.wikipedia.org&platform=all-access&agent=user&start=2018-01-01&end=2018-12-20&pages=Jordi_Alba,397364,1122
David de Gea,https://en.wikipedia.org/wiki/David_de_Gea,https://tools.wmflabs.org/pageviews/?project=en.wikipedia.org&platform=all-access&agent=user&start=2018-01-01&end=2018-12-20&pages=David_de_Gea,1227163,3467
Marcelo,"https://en.wikipedia.org/wiki/Marcelo_(footballer,_born_1988)","https://tools.wmflabs.org/pageviews/?project=en.wikipedia.org&platform=all-access&agent=user&start=2018-01-01&end=2018-12-20&pages=Marcelo_(footballer,_born_1988)",1163038,3285
Luis Suárez,https://en.wikipedia.org/wiki/Luis_Suárez,https://tools.wmflabs.org/pageviews/?project=en.wikipedia.org&platform=all-access&agent=user&start=2018-01-01&end=2018-12-20&pages=Luis_Suárez,2337536,6603
Miralem Pjanic,https://en.wikipedia.org/wiki/Miralem_Pjanic,https://tools.wmflabs.org/pageviews/?project=en.wikipedia.org&platform=all-access&agent=user&start=2018-01-01&end=2018-12-20&pages=Miralem_Pjani%C4%87,1577,4
Ivan Rakitic,https://en.wikipedia.org/wiki/Ivan_Rakitic,https://tools.wmflabs.org/pageviews/?project=en.wikipedia.org&platform=all-access&agent=user&range=latest-20&pages=Ivan_Rakiti%C4%87,6948,20
Casemiro,https://en.wikipedia.org/wiki/Casemiro,https://tools.wmflabs.org/pageviews/?project=en.wikipedia.org&platform=all-access&agent=user&start=2018-01-01&end=2018-12-20&pages=Casemiro,517856,1463
Naby Keïta,https://en.wikipedia.org/wiki/Naby_Keïta,https://tools.wmflabs.org/pageviews/?project=en.wikipedia.org&platform=all-access&agent=user&start=2018-01-01&end=2018-12-20&pages=Naby_Keïta,1029647,2909
Marcus Rashford,https://en.wikipedia.org/wiki/Marcus_Rashford,https://tools.wmflabs.org/pageviews/?project=en.wikipedia.org&platform=all-access&agent=user&start=2018-01-01&end=2018-12-20&pages=Marcus_Rashford,1423015,4020
Nabil Fekir,https://en.wikipedia.org/wiki/Nabil_Fekir,https://tools.wmflabs.org/pageviews/?project=en.wikipedia.org&platform=all-access&agent=user&start=2018-01-01&end=2018-12-20&pages=Nabil_Fekir,1109417,3134
Lorenzo Insigne,https://en.wikipedia.org/wiki/Lorenzo_Insigne,https://tools.wmflabs.org/pageviews/?project=en.wikipedia.org&platform=all-access&agent=user&start=2018-01-01&end=2018-12-20&pages=Lorenzo_Insigne,384655,1087
Thibaut Courtois,https://en.wikipedia.org/wiki/Thibaut_Courtois,https://tools.wmflabs.org/pageviews/?project=en.wikipedia.org&platform=all-access&agent=user&start=2018-01-01&end=2018-12-20&pages=Thibaut_Courtois,1649433,4659
Alexandre Lacazette,https://en.wikipedia.org/wiki/Alexandre_Lacazette,https://tools.wmflabs.org/pageviews/?project=en.wikipedia.org&platform=all-access&agent=user&start=2018-01-01&end=2018-12-20&pages=Alexandre_Lacazette,832819,2353
Bernardo Silva,https://en.wikipedia.org/wiki/Bernardo_Silva,https://tools.wmflabs.org/pageviews/?project=en.wikipedia.org&platform=all-access&agent=user&start=2018-01-01&end=2018-12-20&pages=Bernardo_Silva,542196,1532
Ederson,https://en.wikipedia.org/wiki/Ederson_Moraes,https://tools.wmflabs.org/pageviews/?project=en.wikipedia.org&platform=all-access&agent=user&start=2018-01-01&end=2018-12-20&pages=Ederson_Moraes,634993,1794
Anthony Martial,https://en.wikipedia.org/wiki/Anthony_Martial,https://tools.wmflabs.org/pageviews/?project=en.wikipedia.org&platform=all-access&agent=user&start=2018-01-01&end=2018-12-20&pages=Anthony_Martial,935591,2643
Riyad Mahrez,https://en.wikipedia.org/wiki/Riyad_Mahrez,https://tools.wmflabs.org/pageviews/?project=en.wikipedia.org&platform=all-access&agent=user&start=2018-01-01&end=2018-12-20&pages=Riyad_Mahrez,1028086,2904
Timo Werner,https://en.wikipedia.org/wiki/Timo_Werner,https://tools.wmflabs.org/pageviews/?project=en.wikipedia.org&platform=all-access&agent=user&start=2018-01-01&end=2018-12-20&pages=Timo_Werner,662686,1872
Virgil van Dijk,https://en.wikipedia.org/wiki/Virgil_van_Dijk,https://tools.wmflabs.org/pageviews/?project=en.wikipedia.org&platform=all-access&agent=user&start=2018-01-01&end=2018-12-20&pages=Virgil_van_Dijk,1130768,3194
Daniel Carvajal,https://en.wikipedia.org/wiki/Dani_Carvajal,https://tools.wmflabs.org/pageviews/?project=en.wikipedia.org&platform=all-access&agent=user&start=2018-01-01&end=2018-12-20&pages=Dani_Carvajal,350893,991
Álvaro Morata,https://en.wikipedia.org/wiki/Álvaro_Morata,https://tools.wmflabs.org/pageviews/?project=en.wikipedia.org&platform=all-access&agent=user&start=2018-01-01&end=2018-12-20&pages=Álvaro_Morata,936800,2646
Alisson,"https://en.wikipedia.org/wiki/Alisson_(footballer,_born_1992)","https://tools.wmflabs.org/pageviews/?project=en.wikipedia.org&platform=all-access&agent=user&start=2018-01-01&end=2018-12-20&pages=Alisson_(footballer,_born_1992)",1133248,3201
Jorginho,"https://en.wikipedia.org/wiki/Jorginho_(footballer,_born_1991)","https://tools.wmflabs.org/pageviews/?project=en.wikipedia.org&platform=all-access&agent=user&start=2018-01-01&end=2018-12-20&pages=Jorginho_(footballer,_born_1991)",984075,2780
Kalidou Koulibaly,https://en.wikipedia.org/wiki/Kalidou_Koulibaly,https://tools.wmflabs.org/pageviews/?project=en.wikipedia.org&platform=all-access&agent=user&start=2018-01-01&end=2018-12-20&pages=Kalidou_Koulibaly,329865,932
Thiago,https://en.wikipedia.org/wiki/Thiago_Alcântara,https://tools.wmflabs.org/pageviews/?project=en.wikipedia.org&platform=all-access&agent=user&start=2018-01-01&end=2018-12-20&pages=Thiago_Alcântara,601070,1698
Edinson Cavani,https://en.wikipedia.org/wiki/Edinson_Cavani,https://tools.wmflabs.org/pageviews/?project=en.wikipedia.org&platform=all-access&agent=user&start=2018-01-01&end=2018-12-20&pages=Edinson_Cavani,1671523,4722
Diego Costa,https://en.wikipedia.org/wiki/Diego_Costa,https://tools.wmflabs.org/pageviews/?project=en.wikipedia.org&platform=all-access&agent=user&start=2018-01-01&end=2018-12-20&pages=Diego_Costa,1637902,4627
Kai Havertz,https://en.wikipedia.org/wiki/Kai_Havertz,https://tools.wmflabs.org/pageviews/?project=en.wikipedia.org&platform=all-access&agent=user&start=2018-01-01&end=2018-12-20&pages=Kai_Havertz,113608,321
John Stones,https://en.wikipedia.org/wiki/John_Stones,https://tools.wmflabs.org/pageviews/?project=en.wikipedia.org&platform=all-access&agent=user&start=2018-01-01&end=2018-12-20&pages=John_Stones,706979,1997
Marquinhos,https://en.wikipedia.org/wiki/Marquinhos,https://tools.wmflabs.org/pageviews/?project=en.wikipedia.org&platform=all-access&agent=user&start=2018-01-01&end=2018-12-20&pages=Marquinhos,250896,709
Joshua Kimmich,https://en.wikipedia.org/wiki/Joshua_Kimmich,https://tools.wmflabs.org/pageviews/?project=en.wikipedia.org&platform=all-access&agent=user&start=2018-01-01&end=2018-12-20&pages=Joshua_Kimmich,433044,1223
Sergi Roberto,https://en.wikipedia.org/wiki/Sergi_Roberto,https://tools.wmflabs.org/pageviews/?project=en.wikipedia.org&platform=all-access&agent=user&start=2018-01-01&end=2018-12-20&pages=Sergi_Roberto,316079,893
Douglas Costa,https://en.wikipedia.org/wiki/Douglas_Costa,https://tools.wmflabs.org/pageviews/?project=en.wikipedia.org&platform=all-access&agent=user&start=2018-01-01&end=2018-12-20&pages=Douglas_Costa,635320,1795
Alexis Sánchez,https://en.wikipedia.org/wiki/Alexis_Sánchez,https://tools.wmflabs.org/pageviews/?project=en.wikipedia.org&platform=all-access&agent=user&start=2018-01-01&end=2018-12-20&pages=Alexis_Sánchez,2341556,6615
Mats Hummels,https://en.wikipedia.org/wiki/Mats_Hummels,https://tools.wmflabs.org/pageviews/?project=en.wikipedia.org&platform=all-access&agent=user&start=2018-01-01&end=2018-12-20&pages=Mats_Hummels,418622,1183
Gonzalo Higuaín,https://en.wikipedia.org/wiki/Gonzalo_Higuaín,https://tools.wmflabs.org/pageviews/?project=en.wikipedia.org&platform=all-access&agent=user&start=2018-01-01&end=2018-12-20&pages=Gonzalo_Higuaín,1503809,4248
Arthur,https://en.wikipedia.org/wiki/Arthur_Melo,https://tools.wmflabs.org/pageviews/?project=en.wikipedia.org&platform=all-access&agent=user&start=2018-01-01&end=2018-12-20&pages=Arthur_Melo,895463,2530
Federico Chiesa,https://en.wikipedia.org/wiki/Federico_Chiesa,https://tools.wmflabs.org/pageviews/?project=en.wikipedia.org&platform=all-access&agent=user&start=2018-01-01&end=2018-12-20&pages=Federico_Chiesa,213355,603
Matthijs de Ligt,https://en.wikipedia.org/wiki/Matthijs_de_Ligt,https://tools.wmflabs.org/pageviews/?project=en.wikipedia.org&platform=all-access&agent=user&start=2018-01-01&end=2018-12-20&pages=Matthijs_de_Ligt,340755,963
Lucas Hernández,https://en.wikipedia.org/wiki/Lucas_Hernández,https://tools.wmflabs.org/pageviews/?project=en.wikipedia.org&platform=all-access&agent=user&start=2018-01-01&end=2018-12-20&pages=Lucas_Hernández,942317,2662
José Giménez,https://en.wikipedia.org/wiki/José_Giménez,https://tools.wmflabs.org/pageviews/?project=en.wikipedia.org&platform=all-access&agent=user&start=2018-01-01&end=2018-12-20&pages=José_Giménez,237058,670
Kingsley Coman,https://en.wikipedia.org/wiki/Kingsley_Coman,https://tools.wmflabs.org/pageviews/?project=en.wikipedia.org&platform=all-access&agent=user&start=2018-01-01&end=2018-12-20&pages=Kingsley_Coman,376982,1065
Milan Skriniar,https://en.wikipedia.org/wiki/Milan_Škriniar,https://tools.wmflabs.org/pageviews/?project=en.wikipedia.org&platform=all-access&agent=user&start=2018-01-01&end=2018-12-20&pages=Milan_Škriniar,222307,628
Kepa,https://en.wikipedia.org/wiki/Kepa_Arrizabalaga,https://tools.wmflabs.org/pageviews/?project=en.wikipedia.org&platform=all-access&agent=user&start=2018-01-01&end=2018-12-20&pages=Kepa_Arrizabalaga,953477,2693
Fred,"https://en.wikipedia.org/wiki/Fred_(footballer,_born_1993)","https://tools.wmflabs.org/pageviews/?project=en.wikipedia.org&platform=all-access&agent=user&start=2018-01-01&end=2018-12-20&pages=Fred_(footballer,_born_1993)",1217304,3439
Florian Thauvin,https://en.wikipedia.org/wiki/Florian_Thauvin,https://tools.wmflabs.org/pageviews/?project=en.wikipedia.org&platform=all-access&agent=user&start=2018-01-01&end=2018-12-20&pages=Florian_Thauvin,430414,1216
Adrien Rabiot,https://en.wikipedia.org/wiki/Adrien_Rabiot,https://tools.wmflabs.org/pageviews/?project=en.wikipedia.org&platform=all-access&agent=user&start=2018-01-01&end=2018-12-20&pages=Adrien_Rabiot,449093,1269
Aymeric Laporte,https://en.wikipedia.org/wiki/Aymeric_Laporte,https://tools.wmflabs.org/pageviews/?project=en.wikipedia.org&platform=all-access&agent=user&start=2018-01-01&end=2018-12-20&pages=Aymeric_Laporte,675243,1907
Niklas Süle,https://en.wikipedia.org/wiki/Niklas_Süle,https://tools.wmflabs.org/pageviews/?project=en.wikipedia.org&platform=all-access&agent=user&start=2018-01-01&end=2018-12-20&pages=Niklas_Süle,266506,753
Rodrigo,"https://en.wikipedia.org/wiki/Rodrigo_(footballer,_born_1991)","https://tools.wmflabs.org/pageviews/?project=en.wikipedia.org&platform=all-access&agent=user&start=2018-01-01&end=2018-12-20&pages=Rodrigo_(footballer,_born_1991)",3690,10
Ciro Immobile,https://en.wikipedia.org/wiki/Ciro_Immobile,https://tools.wmflabs.org/pageviews/?project=en.wikipedia.org&platform=all-access&agent=user&start=2018-01-01&end=2018-12-20&pages=Ciro_Immobile,517767,1463
Kyle Walker,https://en.wikipedia.org/wiki/Kyle_Walker,https://tools.wmflabs.org/pageviews/?project=en.wikipedia.org&platform=all-access&agent=user&start=2018-01-01&end=2018-12-20&pages=Kyle_Walker,800755,2262
Heung-min Son,https://en.wikipedia.org/wiki/Son_Heung-min,https://tools.wmflabs.org/pageviews/?project=en.wikipedia.org&platform=all-access&agent=user&start=2018-01-01&end=2018-12-20&pages=Son_Heung-min,1193939,3373
David Alaba,https://en.wikipedia.org/wiki/David_Alaba,https://tools.wmflabs.org/pageviews/?project=en.wikipedia.org&platform=all-access&agent=user&start=2018-01-01&end=2018-12-20&pages=David_Alaba,382372,1080
Thomas Müller,https://en.wikipedia.org/wiki/Thomas_Müller,https://tools.wmflabs.org/pageviews/?project=en.wikipedia.org&platform=all-access&agent=user&start=2018-01-01&end=2018-12-20&pages=Thomas_Müller,1241818,3508
Willian,"https://en.wikipedia.org/wiki/Willian_(footballer,_born_1988)","https://tools.wmflabs.org/pageviews/?project=en.wikipedia.org&platform=all-access&agent=user&start=2018-01-01&end=2018-12-20&pages=Willian_(footballer,_born_1988)",761429,2151
Jadon Sancho,https://en.wikipedia.org/wiki/Jadon_Sancho,https://tools.wmflabs.org/pageviews/?project=en.wikipedia.org&platform=all-access&agent=user&start=2018-01-01&end=2018-12-20&pages=Jadon_Sancho,1164904,3291
Leon Bailey,https://en.wikipedia.org/wiki/Leon_Bailey,https://tools.wmflabs.org/pageviews/?project=en.wikipedia.org&platform=all-access&agent=user&start=2018-01-01&end=2018-12-20&pages=Leon_Bailey,522766,1477
Richarlison,https://en.wikipedia.org/wiki/Richarlison,https://tools.wmflabs.org/pageviews/?project=en.wikipedia.org&platform=all-access&agent=user&start=2018-01-01&end=2018-12-20&pages=Richarlison,672912,1901
Malcom,https://en.wikipedia.org/wiki/Malcom_(footballer),https://tools.wmflabs.org/pageviews/?project=en.wikipedia.org&platform=all-access&agent=user&start=2018-01-01&end=2018-12-20&pages=Malcom_(footballer),839295,2371
Christian Pulisic,https://en.wikipedia.org/wiki/Christian_Pulisic,https://tools.wmflabs.org/pageviews/?project=en.wikipedia.org&platform=all-access&agent=user&start=2018-01-01&end=2018-12-20&pages=Christian_Pulisic,1197314,3382
Fabinho,"https://en.wikipedia.org/wiki/Fabinho_(footballer,_born_1993)","https://tools.wmflabs.org/pageviews/?project=en.wikipedia.org&platform=all-access&agent=user&start=2018-01-01&end=2018-12-20&pages=Fabinho_(footballer,_born_1993)",974928,2754
Federico Bernardeschi,https://en.wikipedia.org/wiki/Federico_Bernardeschi,https://tools.wmflabs.org/pageviews/?project=en.wikipedia.org&platform=all-access&agent=user&start=2018-01-01&end=2018-12-20&pages=Federico_Bernardeschi,263395,744
Corentin Tolisso,https://en.wikipedia.org/wiki/Corentin_Tolisso,https://tools.wmflabs.org/pageviews/?project=en.wikipedia.org&platform=all-access&agent=user&start=2018-01-01&end=2018-12-20&pages=Corentin_Tolisso,514918,1455
Julian Brandt,https://en.wikipedia.org/wiki/Julian_Brandt,https://tools.wmflabs.org/pageviews/?project=en.wikipedia.org&platform=all-access&agent=user&start=2018-01-01&end=2018-12-20&pages=Julian_Brandt,305841,864
Harry Maguire,https://en.wikipedia.org/wiki/Harry_Maguire,https://tools.wmflabs.org/pageviews/?project=en.wikipedia.org&platform=all-access&agent=user&start=2018-01-01&end=2018-12-20&pages=Harry_Maguire,1749119,4941
Memphis Depay,https://en.wikipedia.org/wiki/Memphis_Depay,https://tools.wmflabs.org/pageviews/?project=en.wikipedia.org&platform=all-access&agent=user&start=2018-01-01&end=2018-12-20&pages=Memphis_Depay,749536,2117
Benjamin Mendy,https://en.wikipedia.org/wiki/Benjamin_Mendy,https://tools.wmflabs.org/pageviews/?project=en.wikipedia.org&platform=all-access&agent=user&start=2018-01-01&end=2018-12-20&pages=Benjamin_Mendy,613748,1734
Marcos Alonso,"https://en.wikipedia.org/wiki/Marcos_Alonso_(footballer,_born_1990)","https://tools.wmflabs.org/pageviews/?project=en.wikipedia.org&platform=all-access&agent=user&start=2018-01-01&end=2018-12-20&pages=Marcos_Alonso_(footballer,_born_1990)",149486,422
Alex Sandro,https://en.wikipedia.org/wiki/Alex_Sandro,https://tools.wmflabs.org/pageviews/?project=en.wikipedia.org&platform=all-access&agent=user&start=2018-01-01&end=2018-12-20&pages=Alex_Sandro,303784,858
Aaron Ramsey,https://en.wikipedia.org/wiki/Aaron_Ramsey,https://tools.wmflabs.org/pageviews/?project=en.wikipedia.org&platform=all-access&agent=user&start=2018-01-01&end=2018-12-20&pages=Aaron_Ramsey,589761,1666
Ángel Di María,https://en.wikipedia.org/wiki/Ángel_Di_María,https://tools.wmflabs.org/pageviews/?project=en.wikipedia.org&platform=all-access&agent=user&start=2018-01-01&end=2018-12-20&pages=Ángel_Di_María,798463,2256
Ivan Perisic,https://en.wikipedia.org/wiki/Ivan_Perišic,https://tools.wmflabs.org/pageviews/?project=en.wikipedia.org&platform=all-access&agent=user&start=2018-01-01&end=2018-12-20&pages=Ivan_Perišic,,
Mesut Özil,https://en.wikipedia.org/wiki/Mesut_Özil,https://tools.wmflabs.org/pageviews/?project=en.wikipedia.org&platform=all-access&agent=user&start=2018-01-01&end=2018-12-20&pages=Mesut_Özil,2135737,6033
Gerard Piqué,https://en.wikipedia.org/wiki/Gerard_Piqué,https://tools.wmflabs.org/pageviews/?project=en.wikipedia.org&platform=all-access&agent=user&start=2018-01-01&end=2018-12-20&pages=Gerard_Piqué,2154373,6086
Rodri,"https://en.wikipedia.org/wiki/Rodri_(footballer,_born_1996)","https://tools.wmflabs.org/pageviews/?project=en.wikipedia.org&platform=all-access&agent=user&start=2018-01-01&end=2018-12-20&pages=Rodri_(footballer,_born_1996)",189760,536
Benjamin Pavard,https://en.wikipedia.org/wiki/Benjamin_Pavard,https://tools.wmflabs.org/pageviews/?project=en.wikipedia.org&platform=all-access&agent=user&start=2018-01-01&end=2018-12-20&pages=Benjamin_Pavard,1147253,3241
Davinson Sánchez,https://en.wikipedia.org/wiki/Dávinson_Sánchez,https://tools.wmflabs.org/pageviews/?project=en.wikipedia.org&platform=all-access&agent=user&start=2018-01-01&end=2018-12-20&pages=Dávinson_Sánchez,137316,388
Frenkie de Jong,https://en.wikipedia.org/wiki/Frenkie_de_Jong,https://tools.wmflabs.org/pageviews/?project=en.wikipedia.org&platform=all-access&agent=user&start=2018-01-01&end=2018-12-20&pages=Frenkie_de_Jong,323739,915
Lucas Torreira,https://en.wikipedia.org/wiki/Lucas_Torreira,https://tools.wmflabs.org/pageviews/?project=en.wikipedia.org&platform=all-access&agent=user&start=2018-01-01&end=2018-12-20&pages=Lucas_Torreira,895163,2529
Hirving Lozano,https://en.wikipedia.org/wiki/Hirving_Lozano,https://tools.wmflabs.org/pageviews/?project=en.wikipedia.org&platform=all-access&agent=user&start=2018-01-01&end=2018-12-20&pages=Hirving_Lozano,910952,2573
Gianluigi Donnarumma,https://en.wikipedia.org/wiki/Gianluigi_Donnarumma,https://tools.wmflabs.org/pageviews/?project=en.wikipedia.org&platform=all-access&agent=user&start=2018-01-01&end=2018-12-20&pages=Gianluigi_Donnarumma,489432,1383
Rúben Neves,https://en.wikipedia.org/wiki/Rúben_Neves,https://tools.wmflabs.org/pageviews/?project=en.wikipedia.org&platform=all-access&agent=user&start=2018-01-01&end=2018-12-20&pages=Rúben_Neves,633831,1790
Gonçalo Guedes,https://en.wikipedia.org/wiki/Gonçalo_Guedes,https://tools.wmflabs.org/pageviews/?project=en.wikipedia.org&platform=all-access&agent=user&start=2018-01-01&end=2018-12-20&pages=Gonçalo_Guedes,381209,1077
Alessio Romagnoli,https://en.wikipedia.org/wiki/Alessio_Romagnoli,https://tools.wmflabs.org/pageviews/?project=en.wikipedia.org&platform=all-access&agent=user&start=2018-01-01&end=2018-12-20&pages=Alessio_Romagnoli,159342,450
Andreas Christensen,https://en.wikipedia.org/wiki/Andreas_Christensen,https://tools.wmflabs.org/pageviews/?project=en.wikipedia.org&platform=all-access&agent=user&start=2018-01-01&end=2018-12-20&pages=Andreas_Christensen,294291,831
Jonathan Tah,https://en.wikipedia.org/wiki/Jonathan_Tah,https://tools.wmflabs.org/pageviews/?project=en.wikipedia.org&platform=all-access&agent=user&start=2018-01-01&end=2018-12-20&pages=Jonathan_Tah,97786,276
Héctor Bellerín,https://en.wikipedia.org/wiki/Héctor_Bellerín,https://tools.wmflabs.org/pageviews/?project=en.wikipedia.org&platform=all-access&agent=user&start=2018-01-01&end=2018-12-20&pages=Héctor_Bellerín,489059,1382
Clément Lenglet,https://en.wikipedia.org/wiki/Clément_Lenglet,https://tools.wmflabs.org/pageviews/?project=en.wikipedia.org&platform=all-access&agent=user&start=2018-01-01&end=2018-12-20&pages=Clément_Lenglet,481121,1359
João Cancelo,https://en.wikipedia.org/wiki/João_Cancelo,https://tools.wmflabs.org/pageviews/?project=en.wikipedia.org&platform=all-access&agent=user&start=2018-01-01&end=2018-12-20&pages=João_Cancelo,373954,1056
Piotr Zielinski,https://en.wikipedia.org/wiki/Piotr_Zielinski,https://tools.wmflabs.org/pageviews/?project=en.wikipedia.org&platform=all-access&agent=user&start=2018-01-01&end=2018-12-20&pages=Piotr_Zielinski,751,2
Michy Batshuayi,https://en.wikipedia.org/wiki/Michy_Batshuayi,https://tools.wmflabs.org/pageviews/?project=en.wikipedia.org&platform=all-access&agent=user&start=2018-01-01&end=2018-12-20&pages=Michy_Batshuayi,1018478,2877
Eric Dier,https://en.wikipedia.org/wiki/Eric_Dier,https://tools.wmflabs.org/pageviews/?project=en.wikipedia.org&platform=all-access&agent=user&start=2018-01-01&end=2018-12-20&pages=Eric_Dier,628804,1776
Marcelo Brozovic,https://en.wikipedia.org/wiki/Marcelo_Brozovic,https://tools.wmflabs.org/pageviews/?project=en.wikipedia.org&platform=all-access&agent=user&start=2018-01-01&end=2018-12-20&pages=Marcelo_Brozovic,1125,3
Leon Goretzka,https://en.wikipedia.org/wiki/Leon_Goretzka,https://tools.wmflabs.org/pageviews/?project=en.wikipedia.org&platform=all-access&agent=user&start=2018-01-01&end=2018-12-20&pages=Leon_Goretzka,453082,1280
Alex Oxlade-Chamberlain,https://en.wikipedia.org/wiki/Alex_Oxlade-Chamberlain,https://tools.wmflabs.org/pageviews/?project=en.wikipedia.org&platform=all-access&agent=user&start=2018-01-01&end=2018-12-20&pages=Alex_Oxlade-Chamberlain,776324,2193
Jesse Lingard,https://en.wikipedia.org/wiki/Jesse_Lingard,https://tools.wmflabs.org/pageviews/?project=en.wikipedia.org&platform=all-access&agent=user&start=2018-01-01&end=2018-12-20&pages=Jesse_Lingard,1770819,5002
Allan,"https://en.wikipedia.org/wiki/Allan_(footballer,_born_1991)","https://tools.wmflabs.org/pageviews/?project=en.wikipedia.org&platform=all-access&agent=user&start=2018-01-01&end=2018-12-20&pages=Allan_(footballer,_born_1991)",123932,350
Suso,https://en.wikipedia.org/wiki/Suso_(footballer),https://tools.wmflabs.org/pageviews/?project=en.wikipedia.org&platform=all-access&agent=user&start=2018-01-01&end=2018-12-20&pages=Suso_(footballer),332173,938
Granit Xhaka,https://en.wikipedia.org/wiki/Granit_Xhaka,https://tools.wmflabs.org/pageviews/?project=en.wikipedia.org&platform=all-access&agent=user&start=2018-01-01&end=2018-12-20&pages=Granit_Xhaka,743258,2100
Stefan de Vrij,https://en.wikipedia.org/wiki/Stefan_de_Vrij,https://tools.wmflabs.org/pageviews/?project=en.wikipedia.org&platform=all-access&agent=user&start=2018-01-01&end=2018-12-20&pages=Stefan_de_Vrij,244662,691
Stefan Savic,https://en.wikipedia.org/wiki/Stefan_Savic,https://tools.wmflabs.org/pageviews/?project=en.wikipedia.org&platform=all-access&agent=user&start=2018-01-01&end=2018-12-20&pages=Stefan_Savic,715,2
Konstantinos Manolas,https://en.wikipedia.org/wiki/Kostas_Manolas,https://tools.wmflabs.org/pageviews/?project=en.wikipedia.org&platform=all-access&agent=user&start=2018-01-01&end=2018-12-20&pages=Kostas_Manolas,210127,594
Antonio Rüdiger,https://en.wikipedia.org/wiki/Antonio_Rüdiger,https://tools.wmflabs.org/pageviews/?project=en.wikipedia.org&platform=all-access&agent=user&start=2018-01-01&end=2018-12-20&pages=Antonio_Rüdiger,476024,1345
Nemanja Matic,https://en.wikipedia.org/wiki/Nemanja_Matic,https://tools.wmflabs.org/pageviews/?project=en.wikipedia.org&platform=all-access&agent=user&start=2018-01-01&end=2018-12-20&pages=Nemanja_Matic,3107,9
César Azpilicueta,https://en.wikipedia.org/wiki/César_Azpilicueta,https://tools.wmflabs.org/pageviews/?project=en.wikipedia.org&platform=all-access&agent=user&start=2018-01-01&end=2018-12-20&pages=César_Azpilicueta,396638,1120
Ilkay Gündogan,https://en.wikipedia.org/wiki/Ilkay_Gündogan,https://tools.wmflabs.org/pageviews/?project=en.wikipedia.org&platform=all-access&agent=user&start=2018-01-01&end=2018-12-20&pages=Ilkay_Gündogan,443,1
Georginio Wijnaldum,https://en.wikipedia.org/wiki/Georginio_Wijnaldum,https://tools.wmflabs.org/pageviews/?project=en.wikipedia.org&platform=all-access&agent=user&start=2018-01-01&end=2018-12-20&pages=Georginio_Wijnaldum,445805,1259
Javi Martínez,https://en.wikipedia.org/wiki/Javi_Martínez,https://tools.wmflabs.org/pageviews/?project=en.wikipedia.org&platform=all-access&agent=user&start=2018-01-01&end=2018-12-20&pages=Javi_Martínez,213241,602
Toby Alderweireld,https://en.wikipedia.org/wiki/Toby_Alderweireld,https://tools.wmflabs.org/pageviews/?project=en.wikipedia.org&platform=all-access&agent=user&start=2018-01-01&end=2018-12-20&pages=Toby_Alderweireld,514196,1453
Radja Nainggolan,https://en.wikipedia.org/wiki/Radja_Nainggolan,https://tools.wmflabs.org/pageviews/?project=en.wikipedia.org&platform=all-access&agent=user&start=2018-01-01&end=2018-12-20&pages=Radja_Nainggolan,820986,2319
Marco Reus,https://en.wikipedia.org/wiki/Marco_Reus,https://tools.wmflabs.org/pageviews/?project=en.wikipedia.org&platform=all-access&agent=user&start=2018-01-01&end=2018-12-20&pages=Marco_Reus,796262,2249
Jérôme Boateng,https://en.wikipedia.org/wiki/Jérôme_Boateng,https://tools.wmflabs.org/pageviews/?project=en.wikipedia.org&platform=all-access&agent=user&start=2018-01-01&end=2018-12-20&pages=Jérôme_Boateng,788775,2228
Sergio Ramos,https://en.wikipedia.org/wiki/Sergio_Ramos,https://tools.wmflabs.org/pageviews/?project=en.wikipedia.org&platform=all-access&agent=user&start=2018-01-01&end=2018-12-20&pages=Sergio_Ramos,2161525,6106
Karim Benzema,https://en.wikipedia.org/wiki/Karim_Benzema,https://tools.wmflabs.org/pageviews/?project=en.wikipedia.org&platform=all-access&agent=user&start=2018-01-01&end=2018-12-20&pages=Karim_Benzema,1582305,4470
Paulinho,https://en.wikipedia.org/wiki/Paulinho_(footballer),https://tools.wmflabs.org/pageviews/?project=en.wikipedia.org&platform=all-access&agent=user&start=2018-01-01&end=2018-12-20&pages=Paulinho_(footballer),971653,2745
Tanguy Ndombélé,https://en.wikipedia.org/wiki/Tanguy_Ndombele,https://tools.wmflabs.org/pageviews/?project=en.wikipedia.org&platform=all-access&agent=user&start=2018-01-01&end=2018-12-20&pages=Tanguy_Ndombele,164368,464
Houssem Aouar,https://en.wikipedia.org/wiki/Houssem_Aouar,https://tools.wmflabs.org/pageviews/?project=en.wikipedia.org&platform=all-access&agent=user&start=2018-01-01&end=2018-12-20&pages=Houssem_Aouar,115018,325
Ryan Sessegnon,https://en.wikipedia.org/wiki/Ryan_Sessegnon,https://tools.wmflabs.org/pageviews/?project=en.wikipedia.org&platform=all-access&agent=user&start=2018-01-01&end=2018-12-20&pages=Ryan_Sessegnon,748743,2115
Vinícius Júnior,https://en.wikipedia.org/wiki/Vinícius_Júnior,https://tools.wmflabs.org/pageviews/?project=en.wikipedia.org&platform=all-access&agent=user&start=2018-01-01&end=2018-12-20&pages=Vinícius_Júnior,927560,2620
Mikel Oyarzabal,https://en.wikipedia.org/wiki/Mikel_Oyarzabal,https://tools.wmflabs.org/pageviews/?project=en.wikipedia.org&platform=all-access&agent=user&start=2018-01-01&end=2018-12-20&pages=Mikel_Oyarzabal,62664,177
Trent Alexander-Arnold,https://en.wikipedia.org/wiki/Trent_Alexander-Arnold,https://tools.wmflabs.org/pageviews/?project=en.wikipedia.org&platform=all-access&agent=user&start=2018-01-01&end=2018-12-20&pages=Trent_Alexander-Arnold,848749,2398
Franck Kessié,https://en.wikipedia.org/wiki/Franck_Kessié,https://tools.wmflabs.org/pageviews/?project=en.wikipedia.org&platform=all-access&agent=user&start=2018-01-01&end=2018-12-20&pages=Franck_Kessié,145663,411
Wilfred Ndidi,https://en.wikipedia.org/wiki/Wilfred_Ndidi,https://tools.wmflabs.org/pageviews/?project=en.wikipedia.org&platform=all-access&agent=user&start=2018-01-01&end=2018-12-20&pages=Wilfred_Ndidi,191098,540
Andrew Robertson,https://en.wikipedia.org/wiki/Andrew_Robertson_(footballer),https://tools.wmflabs.org/pageviews/?project=en.wikipedia.org&platform=all-access&agent=user&start=2018-01-01&end=2018-12-20&pages=Andrew_Robertson_(footballer),808844,2285
Thomas,https://en.wikipedia.org/wiki/Thomas_Partey,https://tools.wmflabs.org/pageviews/?project=en.wikipedia.org&platform=all-access&agent=user&start=2018-01-01&end=2018-12-20&pages=Thomas_Partey,175989,497
José Gayà,https://en.wikipedia.org/wiki/José_Luis_Gayà,https://tools.wmflabs.org/pageviews/?project=en.wikipedia.org&platform=all-access&agent=user&start=2018-01-01&end=2018-12-20&pages=José_Luis_Gayà,65164,184
Tiemoué Bakayoko,https://en.wikipedia.org/wiki/Tiémoué_Bakayoko,https://tools.wmflabs.org/pageviews/?project=en.wikipedia.org&platform=all-access&agent=user&start=2018-01-01&end=2018-12-20&pages=Tiémoué_Bakayoko,416313,1176
Andrea Belotti,https://en.wikipedia.org/wiki/Andrea_Belotti,https://tools.wmflabs.org/pageviews/?project=en.wikipedia.org&platform=all-access&agent=user&start=2018-01-01&end=2018-12-20&pages=Andrea_Belotti,242239,684
Felipe Anderson,https://en.wikipedia.org/wiki/Felipe_Anderson,https://tools.wmflabs.org/pageviews/?project=en.wikipedia.org&platform=all-access&agent=user&start=2018-01-01&end=2018-12-20&pages=Felipe_Anderson,388881,1099
Jordan Pickford,https://en.wikipedia.org/wiki/Jordan_Pickford,https://tools.wmflabs.org/pageviews/?project=en.wikipedia.org&platform=all-access&agent=user&start=2018-01-01&end=2018-12-20&pages=Jordan_Pickford,2211360,6247
Luis Alberto,"https://en.wikipedia.org/.../Luis_Alberto_(footballer,_born_199...","https://tools.wmflabs.org/pageviews/?project=en.wikipedia.org&platform=all-access&agent=user&start=2018-01-01&end=2018-12-20&pages=Luis_Alberto_(footballer,_born_199...",,
Kieran Trippier,https://en.wikipedia.org/wiki/Kieran_Trippier,https://tools.wmflabs.org/pageviews/?project=en.wikipedia.org&platform=all-access&agent=user&start=2018-01-01&end=2018-12-20&pages=Kieran_Trippier,1672798,4725
Pablo Sarabia,https://en.wikipedia.org/wiki/Pablo_Sarabia,https://tools.wmflabs.org/pageviews/?project=en.wikipedia.org&platform=all-access&agent=user&start=2018-01-01&end=2018-12-20&pages=Pablo_Sarabia,82917,234
Nacho Fernández,"https://en.wikipedia.org/wiki/Nacho_(footballer,_born_1990)","https://tools.wmflabs.org/pageviews/?project=en.wikipedia.org&platform=all-access&agent=user&start=2018-01-01&end=2018-12-20&pages=Nacho_(footballer,_born_1990)",407101,1150
Henrikh Mkhitaryan,https://en.wikipedia.org/wiki/Henrikh_Mkhitaryan,https://tools.wmflabs.org/pageviews/?project=en.wikipedia.org&platform=all-access&agent=user&start=2018-01-01&end=2018-12-20&pages=Henrikh_Mkhitaryan,1230126,3475
Nicolás Otamendi,https://en.wikipedia.org/wiki/Nicolás_Otamendi,https://tools.wmflabs.org/pageviews/?project=en.wikipedia.org&platform=all-access&agent=user&start=2018-01-01&end=2018-12-20&pages=Nicolás_Otamendi,322645,911
Andrej Kramaric,https://en.wikipedia.org/wiki/Andrej_Kramaric,https://tools.wmflabs.org/pageviews/?project=en.wikipedia.org&platform=all-access&agent=user&start=2018-01-01&end=2018-12-20&pages=Andrej_Kramaric,1836,5
Leonardo Bonucci,https://en.wikipedia.org/wiki/Leonardo_Bonucci,https://tools.wmflabs.org/pageviews/?project=en.wikipedia.org&platform=all-access&agent=user&start=2018-01-01&end=2018-12-20&pages=Leonardo_Bonucci,640563,1810
Manuel Akanji,https://en.wikipedia.org/wiki/Manuel_Akanji,https://tools.wmflabs.org/pageviews/?project=en.wikipedia.org&platform=all-access&agent=user&start=2018-01-01&end=2018-12-20&pages=Manuel_Akanji,267328,755
Iñigo Martínez,https://en.wikipedia.org/wiki/Iñigo_Martínez,https://tools.wmflabs.org/pageviews/?project=en.wikipedia.org&platform=all-access&agent=user&start=2018-01-01&end=2018-12-20&pages=Iñigo_Martínez,117789,333
Lucas Moura,https://en.wikipedia.org/wiki/Lucas_Moura,https://tools.wmflabs.org/pageviews/?project=en.wikipedia.org&platform=all-access&agent=user&start=2018-01-01&end=2018-12-20&pages=Lucas_Moura,888419,2510
Jan Vertonghen,https://en.wikipedia.org/wiki/Jan_Vertonghen,https://tools.wmflabs.org/pageviews/?project=en.wikipedia.org&platform=all-access&agent=user&start=2018-01-01&end=2018-12-20&pages=Jan_Vertonghen,386111,1091
Maximiliano Gómez,https://en.wikipedia.org/wiki/Maxi_Gómez,https://tools.wmflabs.org/pageviews/?project=en.wikipedia.org&platform=all-access&agent=user&start=2018-01-01&end=2018-12-20&pages=Maxi_Gómez,154659,437
Carlos Soler,https://en.wikipedia.org/wiki/Carlos_Soler_(footballer),https://tools.wmflabs.org/pageviews/?project=en.wikipedia.org&platform=all-access&agent=user&start=2018-01-01&end=2018-12-20&pages=Carlos_Soler_(footballer),62187,176
Giovani Lo Celso,https://en.wikipedia.org/wiki/Giovani_Lo_Celso,https://tools.wmflabs.org/pageviews/?project=en.wikipedia.org&platform=all-access&agent=user&start=2018-01-01&end=2018-12-20&pages=Giovani_Lo_Celso,421496,1191
Dayot Upamecano,https://en.wikipedia.org/wiki/Dayot_Upamecano,https://tools.wmflabs.org/pageviews/?project=en.wikipedia.org&platform=all-access&agent=user&start=2018-01-01&end=2018-12-20&pages=Dayot_Upamecano,85452,241
Yerry Mina,https://en.wikipedia.org/wiki/Yerry_Mina,https://tools.wmflabs.org/pageviews/?project=en.wikipedia.org&platform=all-access&agent=user&start=2018-01-01&end=2018-12-20&pages=Yerry_Mina,1483844,4192
Eric Bailly,https://en.wikipedia.org/wiki/Eric_Bailly,https://tools.wmflabs.org/pageviews/?project=en.wikipedia.org&platform=all-access&agent=user&start=2018-01-01&end=2018-12-20&pages=Eric_Bailly,335682,948
Presnel Kimpembe,https://en.wikipedia.org/wiki/Presnel_Kimpembe,https://tools.wmflabs.org/pageviews/?project=en.wikipedia.org&platform=all-access&agent=user&start=2018-01-01&end=2018-12-20&pages=Presnel_Kimpembe,421477,1191
Álvaro Odriozola,https://en.wikipedia.org/wiki/Álvaro_Odriozola,https://tools.wmflabs.org/pageviews/?project=en.wikipedia.org&platform=all-access&agent=user&start=2018-01-01&end=2018-12-20&pages=Álvaro_Odriozola,371255,1049
Ángel Correa,https://en.wikipedia.org/wiki/Ángel_Correa,https://tools.wmflabs.org/pageviews/?project=en.wikipedia.org&platform=all-access&agent=user&start=2018-01-01&end=2018-12-20&pages=Ángel_Correa,205883,582
Aleksandr Golovin,https://en.wikipedia.org/wiki/Aleksandr_Golovin_(footballer),https://tools.wmflabs.org/pageviews/?project=en.wikipedia.org&platform=all-access&agent=user&start=2018-01-01&end=2018-12-20&pages=Aleksandr_Golovin_(footballer),515455,1456
Gelson Martins,https://en.wikipedia.org/wiki/Gelson_Martins,https://tools.wmflabs.org/pageviews/?project=en.wikipedia.org&platform=all-access&agent=user&start=2018-01-01&end=2018-12-20&pages=Gelson_Martins,292179,825
Nicolò Barella,https://en.wikipedia.org/wiki/Nicolò_Barella,https://tools.wmflabs.org/pageviews/?project=en.wikipedia.org&platform=all-access&agent=user&start=2018-01-01&end=2018-12-20&pages=Nicolò_Barella,95054,269
Iñaki Williams,https://en.wikipedia.org/wiki/Iñaki_Williams,https://tools.wmflabs.org/pageviews/?project=en.wikipedia.org&platform=all-access&agent=user&start=2018-01-01&end=2018-12-20&pages=Iñaki_Williams,160455,453
Keita Baldé,https://en.wikipedia.org/wiki/Keita_Baldé,https://tools.wmflabs.org/pageviews/?project=en.wikipedia.org&platform=all-access&agent=user&start=2018-01-01&end=2018-12-20&pages=Keita_Baldé,263621,745
Nélson Semedo,https://en.wikipedia.org/wiki/Nélson_Semedo,https://tools.wmflabs.org/pageviews/?project=en.wikipedia.org&platform=all-access&agent=user&start=2018-01-01&end=2018-12-20&pages=Nélson_Semedo,291922,825
Thilo Kehrer,https://en.wikipedia.org/wiki/Thilo_Kehrer,https://tools.wmflabs.org/pageviews/?project=en.wikipedia.org&platform=all-access&agent=user&start=2018-01-01&end=2018-12-20&pages=Thilo_Kehrer,189628,536
Hakim Ziyech,https://en.wikipedia.org/wiki/Hakim_Ziyech,https://tools.wmflabs.org/pageviews/?project=en.wikipedia.org&platform=all-access&agent=user&start=2018-01-01&end=2018-12-20&pages=Hakim_Ziyech,267147,755
André Silva,"https://en.wikipedia.org/.../André_Silva_(footballer,_born_1995...","https://tools.wmflabs.org/pageviews/?project=en.wikipedia.org&platform=all-access&agent=user&start=2018-01-01&end=2018-12-20&pages=André_Silva_(footballer,_born_1995...",,
Ante Rebic,https://en.wikipedia.org/wiki/Ante_Rebic,https://tools.wmflabs.org/pageviews/?project=en.wikipedia.org&platform=all-access&agent=user&start=2018-01-01&end=2018-12-20&pages=Ante_Rebic,3002,8
Jean Michaël Seri,https://en.wikipedia.org/wiki/Jean_Michaël_Seri,https://tools.wmflabs.org/pageviews/?project=en.wikipedia.org&platform=all-access&agent=user&start=2018-01-01&end=2018-12-20&pages=Jean_Michaël_Seri,133220,376
Serge Gnabry,https://en.wikipedia.org/wiki/Serge_Gnabry,https://tools.wmflabs.org/pageviews/?project=en.wikipedia.org&platform=all-access&agent=user&start=2018-01-01&end=2018-12-20&pages=Serge_Gnabry,367739,1039
Wissam Ben Yedder,https://en.wikipedia.org/wiki/Wissam_Ben_Yedder,https://tools.wmflabs.org/pageviews/?project=en.wikipedia.org&platform=all-access&agent=user&start=2018-01-01&end=2018-12-20&pages=Wissam_Ben_Yedder,501615,1417
Wilfried Zaha,https://en.wikipedia.org/wiki/Wilfried_Zaha,https://tools.wmflabs.org/pageviews/?project=en.wikipedia.org&platform=all-access&agent=user&start=2018-01-01&end=2018-12-20&pages=Wilfried_Zaha,713870,2017
Alessandro Florenzi,https://en.wikipedia.org/wiki/Alessandro_Florenzi,https://tools.wmflabs.org/pageviews/?project=en.wikipedia.org&platform=all-access&agent=user&start=2018-01-01&end=2018-12-20&pages=Alessandro_Florenzi,119887,339
Geoffrey Kondogbia,https://en.wikipedia.org/wiki/Geoffrey_Kondogbia,https://tools.wmflabs.org/pageviews/?project=en.wikipedia.org&platform=all-access&agent=user&start=2018-01-01&end=2018-12-20&pages=Geoffrey_Kondogbia,193779,547
Paco Alcácer,https://en.wikipedia.org/wiki/Paco_Alcácer,https://tools.wmflabs.org/pageviews/?project=en.wikipedia.org&platform=all-access&agent=user&start=2018-01-01&end=2018-12-20&pages=Paco_Alcácer,584797,1652
Willian José,https://en.wikipedia.org/wiki/Willian_José,https://tools.wmflabs.org/pageviews/?project=en.wikipedia.org&platform=all-access&agent=user&start=2018-01-01&end=2018-12-20&pages=Willian_José,113239,320
Emre Can,https://en.wikipedia.org/wiki/Emre_Can,https://tools.wmflabs.org/pageviews/?project=en.wikipedia.org&platform=all-access&agent=user&start=2018-01-01&end=2018-12-20&pages=Emre_Can,705015,1992
Ander Herrera,https://en.wikipedia.org/wiki/Ander_Herrera,https://tools.wmflabs.org/pageviews/?project=en.wikipedia.org&platform=all-access&agent=user&start=2018-01-01&end=2018-12-20&pages=Ander_Herrera,324179,916
Gylfi Sigurdsson,https://en.wikipedia.org/wiki/Gylfi_Sigurðsson,https://tools.wmflabs.org/pageviews/?project=en.wikipedia.org&platform=all-access&agent=user&start=2018-01-01&end=2018-12-20&pages=Gylfi_Sigurðsson,408807,1155
Julian Draxler,https://en.wikipedia.org/wiki/Julian_Draxler,https://tools.wmflabs.org/pageviews/?project=en.wikipedia.org&platform=all-access&agent=user&start=2018-01-01&end=2018-12-20&pages=Julian_Draxler,455624,1287
Victor Wanyama,https://en.wikipedia.org/wiki/Victor_Wanyama,https://tools.wmflabs.org/pageviews/?project=en.wikipedia.org&platform=all-access&agent=user&start=2018-01-01&end=2018-12-20&pages=Victor_Wanyama,240008,678
Steven Nzonzi,https://en.wikipedia.org/wiki/Steven_Nzonzi,https://tools.wmflabs.org/pageviews/?project=en.wikipedia.org&platform=all-access&agent=user&start=2018-01-01&end=2018-12-20&pages=Steven_Nzonzi,638688,1804
Dries Mertens,https://en.wikipedia.org/wiki/Dries_Mertens,https://tools.wmflabs.org/pageviews/?project=en.wikipedia.org&platform=all-access&agent=user&start=2018-01-01&end=2018-12-20&pages=Dries_Mertens,573574,1620
Diego Godín,https://en.wikipedia.org/wiki/Diego_Godín,https://tools.wmflabs.org/pageviews/?project=en.wikipedia.org&platform=all-access&agent=user&start=2018-01-01&end=2018-12-20&pages=Diego_Godín,472836,1336
Mateo Kovacic,https://en.wikipedia.org/wiki/Mateo_Kovacic,https://tools.wmflabs.org/pageviews/?project=en.wikipedia.org&platform=all-access&agent=user&start=2018-01-01&end=2018-12-20&pages=Mateo_Kovacic,3298,9
Danny Rose,"https://en.wikipedia.org/.../Danny_Rose_(footballer,_born_199...","https://tools.wmflabs.org/pageviews/?project=en.wikipedia.org&platform=all-access&agent=user&start=2018-01-01&end=2018-12-20&pages=Danny_Rose_(footballer,_born_199...",,
Juan Mata,https://en.wikipedia.org/wiki/Juan_Mata,https://tools.wmflabs.org/pageviews/?project=en.wikipedia.org&platform=all-access&agent=user&start=2018-01-01&end=2018-12-20&pages=Juan_Mata,728671,2058
Marek Hamsik,https://en.wikipedia.org/wiki/Marek_Hamšík,https://tools.wmflabs.org/pageviews/?project=en.wikipedia.org&platform=all-access&agent=user&start=2018-01-01&end=2018-12-20&pages=Marek_Hamšík,309024,873
David Silva,https://en.wikipedia.org/wiki/David_Silva,https://tools.wmflabs.org/pageviews/?project=en.wikipedia.org&platform=all-access&agent=user&start=2018-01-01&end=2018-12-20&pages=David_Silva,942447,2662
Axel Witsel,https://en.wikipedia.org/wiki/Axel_Witsel,https://tools.wmflabs.org/pageviews/?project=en.wikipedia.org&platform=all-access&agent=user&start=2018-01-01&end=2018-12-20&pages=Axel_Witsel,775416,2190
Blaise Matuidi,https://en.wikipedia.org/wiki/Blaise_Matuidi,https://tools.wmflabs.org/pageviews/?project=en.wikipedia.org&platform=all-access&agent=user&start=2018-01-01&end=2018-12-20&pages=Blaise_Matuidi,683576,1931
Hugo Lloris,https://en.wikipedia.org/wiki/Hugo_Lloris,https://tools.wmflabs.org/pageviews/?project=en.wikipedia.org&platform=all-access&agent=user&start=2018-01-01&end=2018-12-20&pages=Hugo_Lloris,879715,2485
Manuel Neuer,https://en.wikipedia.org/wiki/Manuel_Neuer,https://tools.wmflabs.org/pageviews/?project=en.wikipedia.org&platform=all-access&agent=user&start=2018-01-01&end=2018-12-20&pages=Manuel_Neuer,1146002,3237
James Maddison,https://en.wikipedia.org/wiki/James_Maddison,https://tools.wmflabs.org/pageviews/?project=en.wikipedia.org&platform=all-access&agent=user&start=2018-01-01&end=2018-12-20&pages=James_Maddison,536085,1514
Lorenzo Pellegrini,https://en.wikipedia.org/wiki/Lorenzo_Pellegrini,https://tools.wmflabs.org/pageviews/?project=en.wikipedia.org&platform=all-access&agent=user&start=2018-01-01&end=2018-12-20&pages=Lorenzo_Pellegrini,202643,572
Rúben Dias,https://en.wikipedia.org/wiki/Rúben_Dias,https://tools.wmflabs.org/pageviews/?project=en.wikipedia.org&platform=all-access&agent=user&start=2018-01-01&end=2018-12-20&pages=Rúben_Dias,103196,292
Joe Gomez,https://en.wikipedia.org/wiki/Joe_Gomez_(footballer),https://tools.wmflabs.org/pageviews/?project=en.wikipedia.org&platform=all-access&agent=user&start=2018-01-01&end=2018-12-20&pages=Joe_Gomez_(footballer),478320,1351
Rony Lopes,https://en.wikipedia.org/wiki/Rony_Lopes,https://tools.wmflabs.org/pageviews/?project=en.wikipedia.org&platform=all-access&agent=user&start=2018-01-01&end=2018-12-20&pages=Rony_Lopes,120528,340
Alassane Plea,https://en.wikipedia.org/wiki/Alassane_Pléa,https://tools.wmflabs.org/pageviews/?project=en.wikipedia.org&platform=all-access&agent=user&start=2018-01-01&end=2018-12-20&pages=Alassane_Pléa,134533,380
Rafinha,"https://en.wikipedia.org/wiki/Rafinha_(footballer,_born_February_1993)","https://tools.wmflabs.org/pageviews/?project=en.wikipedia.org&platform=all-access&agent=user&start=2018-01-01&end=2018-12-20&pages=Rafinha_(footballer,_born_February_1993)",528578,1493
Juan Cuadrado,https://en.wikipedia.org/wiki/Juan_Cuadrado,https://tools.wmflabs.org/pageviews/?project=en.wikipedia.org&platform=all-access&agent=user&start=2018-01-01&end=2018-12-20&pages=Juan_Cuadrado,524730,1482
Oscar,"https://en.wikipedia.org/wiki/Oscar_(footballer,_born_1991)","https://tools.wmflabs.org/pageviews/?project=en.wikipedia.org&platform=all-access&agent=user&start=2018-01-01&end=2018-12-20&pages=Oscar_(footballer,_born_1991)",608270,1718
Kevin Strootman,https://en.wikipedia.org/wiki/Kevin_Strootman,https://tools.wmflabs.org/pageviews/?project=en.wikipedia.org&platform=all-access&agent=user&start=2018-01-01&end=2018-12-20&pages=Kevin_Strootman,199228,563
Jordan Henderson,https://en.wikipedia.org/wiki/Jordan_Henderson,https://tools.wmflabs.org/pageviews/?project=en.wikipedia.org&platform=all-access&agent=user&start=2018-01-01&end=2018-12-20&pages=Jordan_Henderson,822024,2322
Cengiz Ünder,https://en.wikipedia.org/wiki/Cengiz_Ünder,https://tools.wmflabs.org/pageviews/?project=en.wikipedia.org&platform=all-access&agent=user&start=2018-01-01&end=2018-12-20&pages=Cengiz_Ünder,327399,925
Hakan Calhanoglu,https://en.wikipedia.org/wiki/Hakan_Çalhanoglu,https://tools.wmflabs.org/pageviews/?project=en.wikipedia.org&platform=all-access&agent=user&start=2018-01-01&end=2018-12-20&pages=Hakan_Çalhanoglu,,
Bruno Fernandes,"https://en.wikipedia.org/wiki/Bruno_Fernandes_(footballer,_born_1994)","https://tools.wmflabs.org/pageviews/?project=en.wikipedia.org&platform=all-access&agent=user&start=2018-01-01&end=2018-12-20&pages=Bruno_Fernandes_(footballer,_born_1994)",175089,495
Yacine Brahimi,https://en.wikipedia.org/wiki/Yacine_Brahimi,https://tools.wmflabs.org/pageviews/?project=en.wikipedia.org&platform=all-access&agent=user&start=2018-01-01&end=2018-12-20&pages=Yacine_Brahimi,111709,316
David Neres,https://en.wikipedia.org/wiki/David_Neres,https://tools.wmflabs.org/pageviews/?project=en.wikipedia.org&platform=all-access&agent=user&start=2018-01-01&end=2018-12-20&pages=David_Neres,137871,389
Paulinho,https://it.wikipedia.org/wiki/Paulinho_(calciatore_2000),https://tools.wmflabs.org/pageviews/?project=en.wikipedia.org&platform=all-access&agent=user&start=2018-01-01&end=2018-12-20&pages=Paulinho_(calciatore_2000),,
Santiago Ascacíbar,https://en.wikipedia.org/wiki/Santiago_Ascacíbar,https://tools.wmflabs.org/pageviews/?project=en.wikipedia.org&platform=all-access&agent=user&start=2018-01-01&end=2018-12-20&pages=Santiago_Ascacíbar,50764,143
Nikola Milenkovic,https://en.wikipedia.org/wiki/Nikola_Milenkovic,https://tools.wmflabs.org/pageviews/?project=en.wikipedia.org&platform=all-access&agent=user&start=2018-01-01&end=2018-12-20&pages=Nikola_Milenkovic,,
Lautaro Martínez,https://en.wikipedia.org/wiki/Lautaro_Martínez,https://tools.wmflabs.org/pageviews/?project=en.wikipedia.org&platform=all-access&agent=user&start=2018-01-01&end=2018-12-20&pages=Lautaro_Martínez,424787,1200
Amine Harit,https://en.wikipedia.org/wiki/Amine_Harit,https://tools.wmflabs.org/pageviews/?project=en.wikipedia.org&platform=all-access&agent=user&start=2018-01-01&end=2018-12-20&pages=Amine_Harit,123294,348
Pablo Fornals,https://en.wikipedia.org/wiki/Pablo_Fornals,https://tools.wmflabs.org/pageviews/?project=en.wikipedia.org&platform=all-access&agent=user&start=2018-01-01&end=2018-12-20&pages=Pablo_Fornals,66882,189
André Zambo Anguissa,https://en.wikipedia.org/wiki/André-Frank_Zambo_Anguissa,https://tools.wmflabs.org/pageviews/?project=en.wikipedia.org&platform=all-access&agent=user&start=2018-01-01&end=2018-12-20&pages=André-Frank_Zambo_Anguissa,74364,210
Lucas Tousart,https://en.wikipedia.org/wiki/Lucas_Tousart,https://tools.wmflabs.org/pageviews/?project=en.wikipedia.org&platform=all-access&agent=user&start=2018-01-01&end=2018-12-20&pages=Lucas_Tousart,43265,122
Fabián Ruiz,https://en.wikipedia.org/wiki/Fabián_Ruiz_Peña,https://tools.wmflabs.org/pageviews/?project=en.wikipedia.org&platform=all-access&agent=user&start=2018-01-01&end=2018-12-20&pages=Fabián_Ruiz_Peña,135178,382
Nicolas Pépé,https://en.wikipedia.org/wiki/Nicolas_Pépé,https://tools.wmflabs.org/pageviews/?project=en.wikipedia.org&platform=all-access&agent=user&start=2018-01-01&end=2018-12-20&pages=Nicolas_Pépé,107068,302
Moussa Marega,https://en.wikipedia.org/wiki/Moussa_Marega,https://tools.wmflabs.org/pageviews/?project=en.wikipedia.org&platform=all-access&agent=user&start=2018-01-01&end=2018-12-20&pages=Moussa_Marega,128824,364
Giovanni Simeone,https://en.wikipedia.org/wiki/Giovanni_Simeone,https://tools.wmflabs.org/pageviews/?project=en.wikipedia.org&platform=all-access&agent=user&start=2018-01-01&end=2018-12-20&pages=Giovanni_Simeone,317301,896
Jean-Kévin Augustin,https://en.wikipedia.org/wiki/Jean-Kévin_Augustin,https://tools.wmflabs.org/pageviews/?project=en.wikipedia.org&platform=all-access&agent=user&start=2018-01-01&end=2018-12-20&pages=Jean-Kévin_Augustin,103668,293
Jefferson Lerma,https://en.wikipedia.org/wiki/Jefferson_Lerma,https://tools.wmflabs.org/pageviews/?project=en.wikipedia.org&platform=all-access&agent=user&start=2018-01-01&end=2018-12-20&pages=Jefferson_Lerma,137665,389
Talisca,https://en.wikipedia.org/wiki/Talisca,https://tools.wmflabs.org/pageviews/?project=en.wikipedia.org&platform=all-access&agent=user&start=2018-01-01&end=2018-12-20&pages=Talisca,287288,812
Alex Telles,https://en.wikipedia.org/wiki/Alex_Telles,https://tools.wmflabs.org/pageviews/?project=en.wikipedia.org&platform=all-access&agent=user&start=2018-01-01&end=2018-12-20&pages=Alex_Telles,96766,273
Abdou Diallo,https://en.wikipedia.org/wiki/Abdou_Diallo,https://tools.wmflabs.org/pageviews/?project=en.wikipedia.org&platform=all-access&agent=user&start=2018-01-01&end=2018-12-20&pages=Abdou_Diallo,136375,385
Wendell,https://en.wikipedia.org/wiki/Wendell_(footballer),https://tools.wmflabs.org/pageviews/?project=en.wikipedia.org&platform=all-access&agent=user&start=2018-01-01&end=2018-12-20&pages=Wendell_(footballer),34761,98
Lucas Vázquez,https://en.wikipedia.org/wiki/Lucas_Vázquez,https://tools.wmflabs.org/pageviews/?project=en.wikipedia.org&platform=all-access&agent=user&start=2018-01-01&end=2018-12-20&pages=Lucas_Vázquez,412608,1166
Elseid Hysaj,https://en.wikipedia.org/wiki/Elseid_Hysaj,https://tools.wmflabs.org/pageviews/?project=en.wikipedia.org&platform=all-access&agent=user&start=2018-01-01&end=2018-12-20&pages=Elseid_Hysaj,108605,307
Bryan Cristante,https://en.wikipedia.org/wiki/Bryan_Cristante,https://tools.wmflabs.org/pageviews/?project=en.wikipedia.org&platform=all-access&agent=user&start=2018-01-01&end=2018-12-20&pages=Bryan_Cristante,144692,409
Mattia Caldara,https://en.wikipedia.org/wiki/Mattia_Caldara,https://tools.wmflabs.org/pageviews/?project=en.wikipedia.org&platform=all-access&agent=user&start=2018-01-01&end=2018-12-20&pages=Mattia_Caldara,295390,834
Julian Weigl,https://en.wikipedia.org/wiki/Julian_Weigl,https://tools.wmflabs.org/pageviews/?project=en.wikipedia.org&platform=all-access&agent=user&start=2018-01-01&end=2018-12-20&pages=Julian_Weigl,118819,336
Alejandro Grimaldo,https://en.wikipedia.org/wiki/Álex_Grimaldo,https://tools.wmflabs.org/pageviews/?project=en.wikipedia.org&platform=all-access&agent=user&start=2018-01-01&end=2018-12-20&pages=Álex_Grimaldo,70538,199
Ben Davies,"https://en.wikipedia.org/wiki/Ben_Davies_(footballer,_born_1993)","https://tools.wmflabs.org/pageviews/?project=en.wikipedia.org&platform=all-access&agent=user&start=2018-01-01&end=2018-12-20&pages=Ben_Davies_(footballer,_born_1993)",147546,417
Stanislav Lobotka,https://en.wikipedia.org/wiki/Stanislav_Lobotka,https://tools.wmflabs.org/pageviews/?project=en.wikipedia.org&platform=all-access&agent=user&start=2018-01-01&end=2018-12-20&pages=Stanislav_Lobotka,54635,154
Victor Lindelöf,https://en.wikipedia.org/wiki/Victor_Lindelöf,https://tools.wmflabs.org/pageviews/?project=en.wikipedia.org&platform=all-access&agent=user&start=2018-01-01&end=2018-12-20&pages=Victor_Lindelöf,349372,987
Jean-Philippe Gbamin,https://en.wikipedia.org/wiki/Jean-Philippe_Gbamin,https://tools.wmflabs.org/pageviews/?project=en.wikipedia.org&platform=all-access&agent=user&start=2018-01-01&end=2018-12-20&pages=Jean-Philippe_Gbamin,21229,60
Nathan Aké,https://en.wikipedia.org/wiki/Nathan_Aké,https://tools.wmflabs.org/pageviews/?project=en.wikipedia.org&platform=all-access&agent=user&start=2018-01-01&end=2018-12-20&pages=Nathan_Aké,233317,659
Matteo Politano,https://en.wikipedia.org/wiki/Matteo_Politano,https://tools.wmflabs.org/pageviews/?project=en.wikipedia.org&platform=all-access&agent=user&start=2018-01-01&end=2018-12-20&pages=Matteo_Politano,149947,424
Matías Vecino,https://en.wikipedia.org/wiki/Matías_Vecino,https://tools.wmflabs.org/pageviews/?project=en.wikipedia.org&platform=all-access&agent=user&start=2018-01-01&end=2018-12-20&pages=Matías_Vecino,171665,485
Ross Barkley,https://en.wikipedia.org/wiki/Ross_Barkley,https://tools.wmflabs.org/pageviews/?project=en.wikipedia.org&platform=all-access&agent=user&start=2018-01-01&end=2018-12-20&pages=Ross_Barkley,702882,1986
Simone Verdi,https://en.wikipedia.org/wiki/Simone_Verdi,https://tools.wmflabs.org/pageviews/?project=en.wikipedia.org&platform=all-access&agent=user&start=2018-01-01&end=2018-12-20&pages=Simone_Verdi,140047,396
Dennis Praet,https://en.wikipedia.org/wiki/Dennis_Praet,https://tools.wmflabs.org/pageviews/?project=en.wikipedia.org&platform=all-access&agent=user&start=2018-01-01&end=2018-12-20&pages=Dennis_Praet,53176,150
Faouzi Ghoulam,https://en.wikipedia.org/wiki/Faouzi_Ghoulam,https://tools.wmflabs.org/pageviews/?project=en.wikipedia.org&platform=all-access&agent=user&start=2018-01-01&end=2018-12-20&pages=Faouzi_Ghoulam,78730,222
Matthias Ginter,https://en.wikipedia.org/wiki/Matthias_Ginter,https://tools.wmflabs.org/pageviews/?project=en.wikipedia.org&platform=all-access&agent=user&start=2018-01-01&end=2018-12-20&pages=Matthias_Ginter,123226,348
Emil Forsberg,https://en.wikipedia.org/wiki/Emil_Forsberg,https://tools.wmflabs.org/pageviews/?project=en.wikipedia.org&platform=all-access&agent=user&start=2018-01-01&end=2018-12-20&pages=Emil_Forsberg,266569,753
Marcel Sabitzer,https://en.wikipedia.org/wiki/Marcel_Sabitzer,https://tools.wmflabs.org/pageviews/?project=en.wikipedia.org&platform=all-access&agent=user&start=2018-01-01&end=2018-12-20&pages=Marcel_Sabitzer,47845,135
Thorgan Hazard,https://en.wikipedia.org/wiki/Thorgan_Hazard,https://tools.wmflabs.org/pageviews/?project=en.wikipedia.org&platform=all-access&agent=user&start=2018-01-01&end=2018-12-20&pages=Thorgan_Hazard,643693,1818
Thomas Meunier,https://en.wikipedia.org/wiki/Thomas_Meunier,https://tools.wmflabs.org/pageviews/?project=en.wikipedia.org&platform=all-access&agent=user&start=2018-01-01&end=2018-12-20&pages=Thomas_Meunier,367682,1039
Shkodran Mustafi,https://en.wikipedia.org/wiki/Shkodran_Mustafi,https://tools.wmflabs.org/pageviews/?project=en.wikipedia.org&platform=all-access&agent=user&start=2018-01-01&end=2018-12-20&pages=Shkodran_Mustafi,384173,1085
Sime Vrsaljko,https://en.wikipedia.org/wiki/Šime_Vrsaljko,https://tools.wmflabs.org/pageviews/?project=en.wikipedia.org&platform=all-access&agent=user&start=2018-01-01&end=2018-12-20&pages=Šime_Vrsaljko,458282,1295
Iago Aspas,https://en.wikipedia.org/wiki/Iago_Aspas,https://tools.wmflabs.org/pageviews/?project=en.wikipedia.org&platform=all-access&agent=user&start=2018-01-01&end=2018-12-20&pages=Iago_Aspas,489044,1381
Vitolo,https://en.wikipedia.org/wiki/Vitolo,https://tools.wmflabs.org/pageviews/?project=en.wikipedia.org&platform=all-access&agent=user&start=2018-01-01&end=2018-12-20&pages=Vitolo,3842,11
Pedro,"https://en.wikipedia.org/wiki/Pedro_(footballer,_born_1987)","https://tools.wmflabs.org/pageviews/?project=en.wikipedia.org&platform=all-access&agent=user&start=2018-01-01&end=2018-12-20&pages=Pedro_(footballer,_born_1987)",202740,573
Asier Illarramendi,https://en.wikipedia.org/wiki/Asier_Illarramendi,https://tools.wmflabs.org/pageviews/?project=en.wikipedia.org&platform=all-access&agent=user&start=2018-01-01&end=2018-12-20&pages=Asier_Illarramendi,105389,298
Aleksandar Mitrovic,https://en.wikipedia.org/wiki/Aleksandar_Mitrovic_(footballer),https://tools.wmflabs.org/pageviews/?project=en.wikipedia.org&platform=all-access&agent=user&start=2018-01-01&end=2018-12-20&pages=Aleksandar_Mitrovic_(footballer),114,0
David Luiz,https://en.wikipedia.org/wiki/David_Luiz,https://tools.wmflabs.org/pageviews/?project=en.wikipedia.org&platform=all-access&agent=user&start=2018-01-01&end=2018-12-20&pages=David_Luiz,704806,1991
Marko Arnautovic,https://en.wikipedia.org/wiki/Marko_Arnautovic,https://tools.wmflabs.org/pageviews/?project=en.wikipedia.org&platform=all-access&agent=user&start=2018-01-01&end=2018-12-20&pages=Marko_Arnautovic,1419,4
Arturo Vidal,https://en.wikipedia.org/wiki/Arturo_Vidal,https://tools.wmflabs.org/pageviews/?project=en.wikipedia.org&platform=all-access&agent=user&start=2018-01-01&end=2018-12-20&pages=Arturo_Vidal,968559,2736
Sami Khedira,https://en.wikipedia.org/wiki/Sami_Khedira,https://tools.wmflabs.org/pageviews/?project=en.wikipedia.org&platform=all-access&agent=user&start=2018-01-01&end=2018-12-20&pages=Sami_Khedira,574768,1624
Edin Dzeko,https://en.wikipedia.org/wiki/Edin_Džeko,https://tools.wmflabs.org/pageviews/?project=en.wikipedia.org&platform=all-access&agent=user&start=2018-01-01&end=2018-12-20&pages=Edin_Džeko,848010,2396
Luka Modric,https://en.wikipedia.org/wiki/Luka_Modric,https://tools.wmflabs.org/pageviews/?project=en.wikipedia.org&platform=all-access&agent=user&start=2018-01-01&end=2018-12-20&pages=Luka_Modric,19508,55
Cesc Fàbregas,https://en.wikipedia.org/wiki/Cesc_Fàbregas,https://tools.wmflabs.org/pageviews/?project=en.wikipedia.org&platform=all-access&agent=user&start=2018-01-01&end=2018-12-20&pages=Cesc_Fàbregas,1035506,2925
Danilo Pereira,https://en.wikipedia.org/wiki/Danilo_Pereira_(Portuguese_footballer),https://tools.wmflabs.org/pageviews/?project=en.wikipedia.org&platform=all-access&agent=user&start=2018-01-01&end=2018-12-20&pages=Danilo_Pereira_(Portuguese_footballer),66636,188
José Callejón,https://en.wikipedia.org/wiki/José_Callejón,https://tools.wmflabs.org/pageviews/?project=en.wikipedia.org&platform=all-access&agent=user&start=2018-01-01&end=2018-12-20&pages=José_Callejón,182964,517
